,0,1,2,3
-1.0,1019.5808,545.948,528.0,-100.49923
37087.0,22.202223,7.154016,3.0,6.9987764
44925.0,86.024086,40.64476,44.0,-3.685076
45345.0,84.58332,36.89103,35.0,2.5968485
46077.0,91.36625,42.491264,50.0,-4.9846077
46153.0,32.736423,11.153128,12.0,0.616718
47973.0,24.379475,8.695984,12.0,1.8300115
52563.0,21.363596,7.6144633,6.0,3.0225148
52571.0,40.310337,19.5712,17.0,1.1376845
54504.0,74.8741,37.018303,35.0,-2.365422
54513.0,81.43713,36.529152,36.0,-8.961924
54778.0,19.318901,10.524852,12.0,2.8791165
38632.0,0.046152696,0.010314294,0.0,0.014406776
40488.0,0.038342465,0.011382686,0.0,0.008421866
46131.0,0.034642316,0.004257315,0.0,0.012942875
47801.0,0.011718219,0.0024414677,0.0,0.0021627706
47833.0,0.010909816,0.0048067146,0.0,0.0035614055
47885.0,0.024364991,0.0023636147,0.0,0.01253589
52430.0,0.056183353,0.012794968,0.0,0.007896871
52466.0,0.010836117,0.0022968634,0.0,0.0012739208
52584.0,0.0114125265,0.0041908124,0.0,0.004220611
53452.0,0.013866872,0.0030575267,0.0,0.0022212777
54524.0,0.013177262,0.0029192579,0.0,0.006098621
35466.0,69.97042,35.741383,36.0,-1.6178985
43435.0,27.089693,9.86687,8.0,4.514189
43522.0,37.87062,20.163221,20.0,-0.9697997
43700.0,35.96555,18.278355,17.0,-0.5807942
44944.0,29.738262,10.587489,13.0,6.31706
44991.0,29.254696,10.166813,11.0,-2.305026
46212.0,55.810055,21.57753,18.0,3.2664695
47826.0,35.552074,15.753789,14.0,1.6788223
52445.0,33.587204,16.55543,15.0,-0.7009064
52991.0,36.467094,19.49219,20.0,-1.0072672
53467.0,11.881162,4.1673,7.0,-1.0715078
43290.0,0.10161502,0.015802251,0.0,0.038047776
43305.0,0.03152325,0.00437895,0.0,0.014283759
43584.0,0.0322151,0.009216375,0.0,0.01111474
44930.0,0.025490195,0.005515067,0.0,0.0043373997
44947.0,0.027942166,0.0046505574,0.0,0.01476778
46089.0,0.014811847,0.0017068834,0.0,0.006337004
52483.0,0.0061331796,0.0013014317,0.0,0.003221673
52529.0,0.0025797843,0.0004478703,0.0,0.000702084
53436.0,0.10246725,0.005280051,0.0,0.008294097
53541.0,0.05965533,0.008028521,0.0,0.003991054
53959.0,0.005208757,0.0010871781,0.0,0.0029813577
44834.0,19.891815,7.011383,8.0,0.72071654
44888.0,74.3091,32.997833,36.0,5.9620833
46099.0,27.35654,14.230272,12.0,-0.9669239
46151.0,15.32207,7.023922,7.0,-1.3631803
46259.0,65.68763,31.938675,38.0,-6.2920084
47929.0,42.301796,23.056076,23.0,0.25093678
47975.0,24.052383,8.03918,9.0,4.5910463
52411.0,53.97679,25.863216,36.0,-1.8446261
53501.0,29.314852,9.82357,5.0,1.8209133
54467.0,33.472736,11.600562,5.0,5.6534333
54653.0,66.8057,29.435318,31.0,-4.3799686
37266.0,0.058191538,0.004418415,0.0,0.015476436
39950.0,0.071443684,0.0063438653,0.0,0.03312299
43368.0,0.027541438,0.002661492,0.0,0.009178499
46302.0,0.13035172,0.020423763,0.0,0.01596812
47834.0,0.06456652,0.009888866,0.0,0.0055005676
52461.0,0.072783224,0.01372307,0.0,0.0036634977
52608.0,0.012303726,0.0032007515,0.0,0.005070209
53439.0,0.050617073,0.007164036,0.0,0.021539928
53466.0,0.04416973,0.0043693213,0.0,-0.0038849693
53579.0,0.010032069,0.0013239381,0.0,0.0015517992
53946.0,0.08140407,0.04105984,0.0,-0.05223432
41263.0,32.675125,11.55443,17.0,-5.712992
42346.0,14.553541,5.5211515,8.0,-1.4837497
43478.0,54.44009,29.498907,24.0,6.3663435
44827.0,50.343075,23.852118,26.0,-3.7198334
44904.0,33.24132,16.891645,15.0,-1.4451466
46185.0,18.594738,6.5241866,5.0,1.1213241
47996.0,70.81556,33.624783,37.0,-5.4115195
52459.0,52.341652,25.8564,22.0,8.491756
53441.0,42.5237,16.419312,18.0,3.0304687
53504.0,29.25879,10.162582,10.0,-3.146402
54521.0,9.110568,3.3530748,5.0,-1.7817084
42654.0,0.027668534,0.0033259788,0.0,0.010585452
43344.0,0.014941705,0.0058555757,0.0,0.0049927523
43510.0,0.019566648,0.002263278,0.0,0.00600008
44860.0,0.036993083,0.0054993383,0.0,0.018118104
46094.0,0.028001258,0.00681059,0.0,0.0060583707
46163.0,0.032511745,0.004427907,0.0,0.010078412
47794.0,0.016743466,0.0029858006,0.0,0.0053404914
52409.0,0.069167554,0.017264208,0.0,0.019633446
52441.0,0.028426792,0.007064837,0.0,0.0067943656
53434.0,0.030349432,0.009912624,0.0,0.009344216
54601.0,0.014357888,0.0025405455,0.0,0.0042522126
42436.0,13.073354,4.836288,6.0,-1.4197552
42470.0,38.572342,16.6732,15.0,0.5444678
43797.0,33.079956,14.029055,13.0,4.0559897
45004.0,70.49448,33.132675,28.0,0.7632846
46124.0,45.58721,27.627798,27.0,-0.039508544
46205.0,19.076738,7.5622296,6.0,-0.81728595
46527.0,56.600227,24.533108,29.0,3.2947273
52446.0,32.357307,11.961719,12.0,-0.15759178
52472.0,27.343258,13.090103,13.0,-1.0282407
53437.0,41.398785,18.39786,16.0,-3.278391
53661.0,4.168211,1.4717427,1.0,0.7476859
41264.0,0.10664595,0.0072759283,0.0,-0.036440663
43380.0,0.09151801,0.010035128,0.0,-8.256551e-05
44841.0,0.08852569,0.045597866,0.0,-0.02714386
44870.0,0.14106321,0.0056954017,0.0,-0.0698479
45798.0,0.0049123117,0.00039493787,0.0,0.0027648066
46104.0,0.036822826,0.0057036392,0.0,0.0016480668
46235.0,0.011735141,0.0017598524,0.0,0.0044868435
52418.0,0.025324743,0.0040020808,0.0,0.007101449
52523.0,0.012061221,0.0031831658,0.0,0.0017220612
53520.0,0.0044464576,0.0013955748,0.0,0.0014640588
53539.0,0.005292993,0.0005137804,0.0,0.0008007639
41243.0,99.15319,46.79713,51.0,3.460793
41270.0,58.966255,26.63072,14.0,6.6880937
42467.0,51.95279,23.712788,24.0,-0.76680005
44815.0,17.263086,5.7962685,4.0,0.31944406
44929.0,18.189405,5.702434,3.0,2.870906
46141.0,10.784489,4.268859,3.0,2.5682027
46186.0,78.23981,35.654057,27.0,-3.6374958
46211.0,59.01385,32.283512,33.0,-1.4070784
46255.0,6.3662076,2.050734,1.0,1.5397854
47881.0,66.04667,33.212025,35.0,-1.2200103
54469.0,61.264977,29.799664,29.0,-0.91433704
44898.0,0.015139276,0.0037089384,0.0,0.006927844
43308.0,14.399066,4.846355,5.0,1.5627862
46223.0,5.212557,2.216925,2.0,-0.78102547
46232.0,9.58807,3.265349,2.0,1.2620715
47964.0,25.48349,12.017336,7.0,-0.60891056
48487.0,1.9156394,0.83120775,2.0,0.064470515
52462.0,8.690285,2.996978,1.0,2.242646
53490.0,11.962316,4.240136,2.0,-0.34337187
54488.0,39.159428,21.167927,22.0,2.0748682
54554.0,14.442037,6.7075706,6.0,1.2575121
54696.0,3.5255957,1.9150212,3.0,-0.34241328
55240.0,3.5361395,2.248156,2.0,-0.37410274
46108.0,0.021388007,0.0039689736,0.0,0.008109952
46161.0,0.020769093,0.0030760495,0.0,0.01083227
46166.0,0.03569725,0.0062116524,0.0,0.002714964
47849.0,0.08258532,0.020041855,0.0,0.008513223
52457.0,0.026152154,0.0065578786,0.0,0.011561489
52543.0,0.014669221,0.0022382785,0.0,0.0036710168
53557.0,0.03399316,0.004027235,0.0,0.024551883
54485.0,0.03001644,0.0073519405,0.0,-0.011283685
54517.0,0.124613345,0.021476021,0.0,0.02504269
54673.0,0.0017013317,0.0008592367,0.0,-0.00016821324
54905.0,0.016805602,0.003327753,0.0,0.0011924439
43299.0,38.08463,19.466444,12.0,9.315652
43350.0,76.026886,38.4619,30.0,-0.4254485
43641.0,41.492672,20.18546,25.0,-3.9872687
44872.0,45.33959,24.102816,28.0,2.6858845
44915.0,25.444918,8.555397,10.0,6.2562876
46123.0,64.29885,32.04001,23.0,-2.1776545
46138.0,32.09874,12.247085,14.0,-0.52915376
46146.0,38.644894,15.159054,19.0,0.24223664
46215.0,10.885232,6.419468,10.0,0.9819642
52473.0,66.51776,30.71846,33.0,-2.547259
53540.0,14.94048,5.100116,5.0,-0.3966523
41242.0,0.04236256,0.003452483,0.0,0.030299956
43293.0,0.018226162,0.0039259517,0.0,0.004079492
45052.0,0.017501876,0.0050694095,0.0,0.004841018
45536.0,0.022846647,0.004789353,0.0,0.0014269266
52425.0,0.022040525,0.0047096102,0.0,0.0045372336
52554.0,0.04553993,0.005341179,0.0,0.03388071
52938.0,0.033317585,0.0033207636,0.0,0.016915232
53667.0,0.008291641,0.0013793431,0.0,-0.00014812635
54489.0,0.03419211,0.0029941453,0.0,0.014467004
55157.0,0.008151552,0.0024401955,0.0,0.0033419142
55158.0,0.003145979,0.0011262472,0.0,0.0012388845
42368.0,81.38275,35.83429,38.0,11.350401
46680.0,10.579355,4.8088484,5.0,-1.8514237
52415.0,33.506584,12.019161,18.0,-2.045338
52417.0,42.313335,24.705532,26.0,-4.2455025
52592.0,8.190589,3.0751624,1.0,-1.0460601
54654.0,2.616683,0.7361722,2.0,-0.44915405
41232.0,0.062134575,0.006492515,0.0,0.005318603
42345.0,0.19241747,0.06627631,0.0,0.0841012
42899.0,0.02644676,0.015166045,0.0,-0.0047347243
45550.0,0.05637397,0.0042475536,0.0,0.02639328
47797.0,0.018345557,0.0018336216,0.0,0.011441933
47814.0,0.044272017,0.0044157966,0.0,0.023294386
48374.0,0.040765155,0.012061114,0.0,0.017131023
53433.0,0.013687046,0.0028602232,0.0,0.0049495813
53543.0,0.00864041,0.0013313104,0.0,0.0038695445
54473.0,0.24516223,0.031558067,0.0,0.1048543
54616.0,0.0201623,0.0021004567,0.0,0.0006698799
38544.0,8.520797,2.9801118,1.0,2.8268292
45102.0,0.013648807,0.00252176,0.0,-0.0014596204
46118.0,0.13950971,0.05129679,0.0,0.019587273
47836.0,0.050071068,0.007958459,0.0,0.01310616
41235.0,42.56712,20.034826,18.0,3.8464432
46088.0,66.03967,29.059702,29.0,-4.3880725
52490.0,15.632136,5.6259246,7.0,1.1845937
53513.0,9.685179,3.8679643,3.0,2.6472971
25511.0,0.025584484,0.0066913594,0.0,0.002566767
37079.0,0.046795867,0.0037416324,0.0,0.00043063064
41233.0,0.058757134,0.014061428,0.0,0.0019967617
41667.0,0.0014259205,0.00034464573,0.0,0.00013061936
42033.0,0.009609588,0.003982592,0.0,-0.003025195
42474.0,0.017945955,0.003920019,0.0,0.004030907
44816.0,0.034785066,0.004320677,0.0,0.001474947
46263.0,0.011231378,0.0028708347,0.0,0.00044072868
52421.0,0.034921546,0.0034162996,0.0,0.009620945
53524.0,0.011712218,0.0022695588,0.0,0.0033070087
54522.0,0.009002224,0.0019008064,0.0,0.0012272066
38540.0,55.74638,28.671083,27.0,8.077749
43296.0,36.045666,13.293527,15.0,5.6225047
43358.0,27.853092,8.970173,6.0,6.3424582
44957.0,50.371464,17.370361,31.0,-3.0123837
45287.0,68.28367,32.285084,30.0,-3.769163
46304.0,104.8241,47.949093,53.0,-6.075359
47872.0,85.49394,40.15213,47.0,-5.23258
47947.0,26.944138,11.783995,16.0,-3.0410044
52493.0,28.041515,13.819708,5.0,3.1814866
53450.0,23.127487,9.019466,13.0,-3.3498209
54561.0,17.760614,8.401597,7.0,-0.14672369
40138.0,0.18411814,0.024113186,0.0,0.00027171453
41246.0,0.08372825,0.02365962,0.0,0.033009324
41293.0,0.0039628027,0.00055793003,0.0,0.00067131815
42410.0,0.012287964,0.0016572664,0.0,0.0033267892
42419.0,0.003742584,0.00064772414,0.0,0.001537978
43302.0,0.024387315,0.0034464304,0.0,0.0054272283
45339.0,0.010982031,0.001763557,0.0,0.004805046
47806.0,0.05727731,0.0042532044,0.0,0.02139403
53496.0,0.050755154,0.01649378,0.0,0.009472228
53576.0,0.005442409,0.0017960506,0.0,0.0011804057
54480.0,0.015813263,0.0035638378,0.0,0.007493034
38548.0,20.640951,7.557244,8.0,2.7021263
42390.0,33.07282,19.353495,21.0,0.097329654
43327.0,44.75803,21.873123,18.0,5.8379335
43503.0,59.881245,26.56131,23.0,1.898897
46142.0,71.10012,31.989649,34.0,2.545948
46307.0,36.321594,13.564171,16.0,1.0118401
47796.0,36.38446,12.052038,22.0,-0.94794345
52464.0,23.796928,8.329635,6.0,1.23691
53447.0,37.50445,12.283879,12.0,-3.641762
53465.0,78.35641,35.633274,36.0,-1.3631334
54936.0,52.858948,28.533817,30.0,-10.853562
38557.0,0.056649394,0.003625458,0.0,0.010118683
41295.0,0.10481832,0.006765745,0.0,0.02348051
43362.0,0.022671452,0.0033826213,0.0,0.0021632835
45268.0,0.05880271,0.0125199,0.0,0.0071427217
46101.0,0.074148,0.015030562,0.0,0.008766563
46155.0,0.02893082,0.006016169,0.0,-0.005867532
47906.0,0.021958655,0.0029033814,0.0,0.012879972
48220.0,0.004428567,0.001038583,0.0,0.0021173998
52500.0,0.04626984,0.0063456423,0.0,0.008513357
53456.0,0.022866877,0.0069014435,0.0,0.0043756124
54490.0,0.017663417,0.0032979632,0.0,0.005105987
35459.0,65.16011,30.703148,24.0,-3.5853333
42030.0,42.793804,21.676893,21.0,-1.6610249
42826.0,18.37149,6.270356,6.0,1.4477264
43387.0,35.200203,18.589514,12.0,2.8617837
45011.0,27.34228,9.480683,14.0,-6.569793
46074.0,30.08993,11.613436,9.0,2.1552033
46175.0,37.11484,17.909693,18.0,-1.4305507
47854.0,29.35416,9.955476,13.0,-2.8468072
53438.0,43.02657,21.693552,20.0,6.087047
53668.0,9.4606,3.707746,4.0,-0.24657759
54580.0,39.758068,21.653564,20.0,1.7068127
38696.0,0.014712291,0.004182853,0.0,0.006293585
41665.0,0.007354822,0.0013087514,0.0,0.0015271531
42302.0,0.03600017,0.0037304868,0.0,0.005075841
42348.0,0.046372164,0.0043194,0.0,0.027197206
44846.0,0.033674,0.004806507,0.0,0.0030171992
44849.0,0.03624318,0.009967495,0.0,0.010642254
46116.0,0.077871814,0.017066529,0.0,0.008307282
47818.0,0.053657606,0.0045121387,0.0,0.031416275
53430.0,0.022540422,0.0058506485,0.0,0.005580951
53454.0,0.07373213,0.010313647,0.0,0.020331087
54530.0,0.03002764,0.0032834494,0.0,0.01053727
38592.0,30.437416,16.541248,13.0,2.249172
42480.0,32.15953,11.220674,13.0,-1.978214
46091.0,85.9267,40.16666,43.0,-1.0893103
48520.0,6.8809447,2.55964,3.0,-1.3971843
52424.0,37.461277,19.07718,18.0,2.656065
52527.0,74.959854,39.3236,40.0,2.396439
52542.0,63.008312,31.775196,26.0,1.8702502
53469.0,73.85319,37.376385,38.0,-3.1120198
53577.0,28.108809,9.716532,13.0,-3.846479
54503.0,21.451006,7.79758,9.0,-1.2459574
54547.0,7.7969327,2.7087631,5.0,-2.7663069
39987.0,0.029713165,0.006733456,0.0,0.007266679
41310.0,0.008001074,0.0016199345,0.0,0.0018662206
43537.0,0.009893257,0.0017376316,0.0,0.0036463663
46096.0,0.01093808,0.001960467,0.0,0.00029449788
46189.0,0.07192506,0.014174392,0.0,0.029992156
47803.0,0.03467532,0.009037934,0.0,0.01640619
52477.0,0.040747054,0.003529668,0.0,0.011794462
52541.0,0.015903866,0.003117302,0.0,0.00637666
53485.0,0.01672954,0.0029880295,0.0,0.001169344
54474.0,0.02440121,0.0035115227,0.0,0.005816624
54537.0,0.06173864,0.0052569862,0.0,0.011282575
38588.0,72.70281,34.084232,33.0,11.771112
41915.0,31.53339,11.488416,16.0,-0.7738183
42560.0,24.100098,8.235235,8.0,-0.58231497
43306.0,44.015232,20.427883,24.0,-2.7290087
46132.0,46.590916,24.399525,28.0,-7.237506
47788.0,87.71193,36.91262,34.0,-4.108589
47877.0,47.968716,24.635773,27.0,-0.26619387
47882.0,74.48953,38.034214,30.0,2.6134799
52453.0,45.750267,22.07987,29.0,-7.4304733
53461.0,29.78854,10.040797,7.0,2.6247013
54498.0,10.204262,3.6762433,4.0,1.6919868
40011.0,0.03959514,0.012649188,0.0,0.018310709
41325.0,0.21091256,0.03136528,0.0,-0.128534
43367.0,0.01614832,0.0024739425,0.0,0.0063580214
44822.0,0.06708947,0.017511336,0.0,-0.0067165648
44874.0,0.13551228,0.03007083,0.0,-0.028103873
45695.0,0.025236264,0.002567939,0.0,0.0076243337
46152.0,0.08407134,0.005728524,0.0,0.02155756
46243.0,0.032390524,0.00917602,0.0,0.014505297
53492.0,0.027977252,0.0028412563,0.0,0.012477912
53591.0,0.010361451,0.0028346486,0.0,0.003938818
53655.0,0.010083532,0.001678836,0.0,0.0051820264
41231.0,36.97967,12.505739,15.0,0.9295402
42559.0,11.225949,3.7425106,1.0,-1.2632862
43791.0,13.21724,4.5316267,4.0,1.5997541
46086.0,71.289444,35.097713,36.0,0.2745389
46264.0,36.57865,12.397144,12.0,-1.1654067
46775.0,22.79822,12.279178,10.0,1.810389
47913.0,71.67287,33.892597,42.0,-2.724793
52431.0,52.302334,22.989902,25.0,3.5046678
52594.0,20.408976,10.084997,9.0,0.2978806
53476.0,53.896664,29.440044,25.0,3.3591664
53547.0,12.953766,4.896401,2.0,1.2352127
42347.0,0.04647052,0.013660819,0.0,0.01835191
43297.0,0.0664544,0.004142776,0.0,0.028126106
40171.0,18.13775,6.269813,5.0,1.8150129
43333.0,30.4689,10.28571,13.0,-1.0961932
44830.0,52.262627,27.209768,30.0,-1.8248112
44893.0,33.04573,16.639063,22.0,-3.7658336
46543.0,1.6482279,0.641808,0.0,0.61939687
47800.0,26.964813,9.01024,10.0,-0.25368634
47891.0,58.705902,28.45792,28.0,-7.141391
52444.0,57.548573,29.77473,22.0,3.6564534
52663.0,47.739697,21.716415,20.0,5.4274216
54470.0,22.680742,7.1603203,8.0,2.465177
54611.0,15.613558,7.378362,8.0,0.3012945
29550.0,0.0020979983,0.00021451284,0.0,0.00027292717
47911.0,0.06975256,0.012558605,0.0,0.01996065
52934.0,0.0016273012,0.00022761663,0.0,0.0010826567
54594.0,0.043577343,0.0039665923,0.0,-0.013667274
38843.0,60.791138,29.991568,25.0,3.5952764
46729.0,19.886137,9.248421,8.0,1.4922235
47942.0,10.940802,4.29533,2.0,-0.3133625
53483.0,15.713533,5.60066,4.0,-0.46607828
54704.0,37.473423,17.468752,16.0,-0.38540667
47839.0,0.008480841,0.0030897781,0.0,0.0006602983
43533.0,38.552856,17.857548,20.0,0.8163265
44955.0,4.265726,1.5076962,2.0,0.3935518
53621.0,13.215474,4.519845,4.0,0.4699858
46679.0,0.008461116,0.002040633,0.0,0.0033932452
47791.0,0.05699989,0.013333852,0.0,0.0039527602
48680.0,0.014427747,0.0030568708,0.0,0.0111628985
37097.0,35.842384,12.820416,17.0,0.040344745
37724.0,24.547735,12.972154,14.0,0.76237965
38607.0,68.53101,29.742481,24.0,6.490343
40017.0,72.88485,33.646194,26.0,-3.766319
41257.0,35.95166,17.98251,15.0,4.7016563
43409.0,25.956656,9.142774,7.0,2.4981406
44851.0,51.570866,23.93037,23.0,-4.5037274
46083.0,23.547194,8.255665,9.0,-0.5152494
48544.0,26.959137,9.67574,12.0,3.2003827
53489.0,75.54619,35.456654,49.0,-6.136755
53505.0,47.370663,27.08711,26.0,-3.1446075
41483.0,22.063517,14.5336895,18.0,0.5441291
42031.0,15.608997,6.7764773,4.0,1.925886
42365.0,8.731207,2.679277,2.0,2.2849193
42378.0,6.9137173,2.13311,3.0,-0.45682847
43353.0,62.18752,33.368095,30.0,6.3020587
43757.0,31.65185,17.49682,17.0,-3.2100618
47802.0,26.092638,9.470247,10.0,0.48074967
47899.0,36.846718,18.25691,17.0,-1.8569938
47971.0,75.16871,34.89953,34.0,-6.9722047
52469.0,41.829277,21.505335,21.0,0.025600262
54500.0,63.84677,36.296043,41.0,-2.8623693
33084.0,0.015466971,0.005384565,0.0,0.0044875797
38683.0,0.02376532,0.0020380637,0.0,0.011124591
43307.0,0.012646204,0.00175636,0.0,0.0066161538
44792.0,0.04845925,0.010110649,0.0,0.021036992
46075.0,0.025305515,0.0029719595,0.0,0.014118646
46106.0,0.029521579,0.0030186812,0.0,0.014937622
46173.0,0.0064857127,0.0012991282,0.0,-0.0004342946
46275.0,0.06438075,0.0038181953,0.0,0.017101705
47842.0,0.015122392,0.0045616124,0.0,0.0024031342
52442.0,0.052001823,0.010026072,0.0,0.0023261833
54518.0,0.07998582,0.019635588,0.0,0.012920842
43938.0,1.4672085,0.56011635,2.0,-0.035697706
44848.0,89.582306,38.841877,41.0,-12.3821945
45008.0,23.382078,9.654773,9.0,3.3799865
47816.0,54.840157,28.480318,28.0,5.1338935
48473.0,11.29155,3.5650153,1.0,1.6456616
49410.0,84.03878,38.729134,41.0,-4.627767
52522.0,19.901253,6.7193594,7.0,0.611733
53445.0,77.79958,35.651543,36.0,-2.510193
53565.0,65.05045,32.516018,24.0,8.276214
53639.0,21.053444,7.6454706,9.0,-0.4674151
54721.0,4.1817517,1.9728811,1.0,0.47334138
43971.0,0.0027095645,0.001266492,0.0,0.0010925084
44853.0,0.059611626,0.011254826,0.0,0.034176387
45094.0,0.03901072,0.004047946,0.0,0.0014755477
54632.0,14.734165,8.700776,5.0,2.6540458
38553.0,0.010970657,0.0009631165,0.0,0.0029738103
41324.0,0.03271737,0.0015211647,0.0,0.0033657276
47815.0,0.002204791,0.00048408538,0.0,0.00038048765
48159.0,0.04039422,0.0030216754,0.0,-0.00797169
52451.0,0.15851825,0.031448565,0.0,0.008041978
52581.0,0.031274624,0.006469581,0.0,0.0037350974
53440.0,0.1439096,0.019723926,0.0,0.0022934165
53468.0,0.030396704,0.002088475,0.0,0.001676467
53646.0,0.043428726,0.004791078,0.0,0.005225001
54536.0,0.002113405,0.0006080325,0.0,0.00024713526
54633.0,0.046580553,0.0051894994,0.0,0.0047132694
42485.0,67.46194,30.499865,25.0,-3.5010521
43316.0,38.108765,12.930003,12.0,3.5167215
43338.0,35.18229,11.650394,16.0,-2.7615743
43404.0,63.238453,30.01285,35.0,7.084257
44911.0,47.098824,25.106977,29.0,1.0307415
47795.0,32.5946,11.317338,13.0,-2.4483838
47804.0,64.181435,29.19344,23.0,1.4251791
48241.0,13.48254,7.361819,7.0,2.2899547
53458.0,45.78544,22.629831,18.0,3.9681523
54487.0,60.927692,28.426527,33.0,-1.4771463
54644.0,13.334024,4.6631002,6.0,-0.5522235
47991.0,0.021398297,0.008376475,0.0,0.0038616897
53027.0,0.006931715,0.0009803068,0.0,0.0012532606
53558.0,0.009342688,0.0022379525,0.0,0.0028380167
45033.0,8.042299,2.7984157,2.0,2.0219681
46133.0,20.600391,6.663633,5.0,1.6461012
52619.0,23.657587,11.370203,12.0,-4.6051908
38538.0,0.01821879,0.0048766853,0.0,0.005043006
38629.0,0.013834273,0.0017306128,0.0,0.0038007712
39989.0,0.24400823,0.039155442,0.0,0.006074781
43370.0,0.009212417,0.0026927823,0.0,0.0027349724
46506.0,0.0068121245,0.001895769,0.0,-0.00032108446
47995.0,0.021628112,0.001932486,0.0,0.0041373107
53063.0,0.0069875615,0.0017243576,0.0,0.0031771583
53068.0,8.307138e-05,3.8841572e-05,0.0,2.68946e-05
53074.0,0.01753429,0.0048561376,0.0,0.0057654246
53482.0,0.0017731069,0.00031221742,0.0,0.0013730994
54534.0,0.032853868,0.0025360098,0.0,0.025435489
35470.0,23.618713,8.794333,6.0,4.072984
41300.0,77.45221,33.98842,32.0,5.172482
42441.0,61.51304,27.867483,25.0,-1.2776216
44964.0,45.87338,20.353638,27.0,-2.034274
46148.0,23.305902,7.929645,14.0,4.018763
46669.0,83.315186,38.96113,43.0,-16.138779
54468.0,55.61969,27.132149,28.0,-1.337139
54502.0,78.167694,35.131687,32.0,-1.7408096
54540.0,31.012756,12.414401,10.0,1.2794064
54615.0,10.43706,3.3166938,5.0,1.2833164
55045.0,15.139997,4.897968,4.0,3.4990091
41265.0,0.023709817,0.0048574386,0.0,0.0018107602
41282.0,0.031961773,0.009192278,0.0,0.007619105
44931.0,0.08450246,0.012033026,0.0,0.02907871
46084.0,0.13280003,0.023993893,0.0,0.014764465
47807.0,0.05328195,0.011768492,0.0,0.0023795152
47920.0,0.017588168,0.003309829,0.0,0.0031825104
47932.0,0.0048986645,0.0018779594,0.0,0.0016505698
48158.0,0.009080035,0.0019100214,0.0,0.00208828
48235.0,0.014861931,0.0012496451,0.0,0.0049459934
54555.0,0.0074076513,0.0020649864,0.0,0.0026130553
54703.0,0.016429685,0.0014479527,0.0,0.0036931017
37104.0,28.5691,10.278636,15.0,-1.9759207
43325.0,77.85717,39.677563,40.0,2.8534887
44877.0,21.97816,7.569068,9.0,-1.8487157
46097.0,56.562218,25.436913,18.0,-3.2610552
46114.0,7.0607624,3.7797565,5.0,0.42297193
46902.0,35.826797,16.89719,12.0,0.72912204
47793.0,49.18208,22.688488,24.0,1.7721223
52510.0,30.609478,11.013194,13.0,1.9946489
52697.0,19.039873,9.309549,12.0,-4.6707487
53585.0,4.8400474,1.5982989,2.0,0.3180921
53674.0,30.505617,15.304582,15.0,2.8670819
42377.0,0.014850112,0.0019248638,0.0,0.009562175
54571.0,0.06381761,0.015307324,0.0,-0.05057503
54683.0,0.0042949473,0.0004893035,0.0,0.00025698447
37078.0,46.37408,22.53735,22.0,5.4721093
38559.0,71.74306,38.006145,34.0,-1.9683785
42388.0,81.29794,35.02937,36.0,-6.0651608
42427.0,76.79918,37.196697,48.0,-0.35219178
42431.0,35.16639,14.57528,20.0,4.708584
42465.0,24.835705,8.591923,11.0,-0.28001958
46652.0,49.450016,22.434189,16.0,2.486738
52448.0,3.0215735,0.91448635,1.0,0.49501395
52497.0,60.74202,34.660645,39.0,0.47091824
52525.0,18.505062,6.5205426,11.0,-1.3740902
53554.0,68.1382,32.013515,18.0,-2.2636204
41321.0,0.009582518,0.0015686546,0.0,0.0038895805
41475.0,0.037329987,0.004846397,0.0,0.0056170365
41563.0,0.03785932,0.0022007984,0.0,0.015468832
41707.0,0.012822335,0.0012776323,0.0,0.0077042906
41939.0,0.07310676,0.0035728414,0.0,0.008698157
42831.0,0.017509086,0.004186077,0.0,0.0062217475
44852.0,0.070995264,0.0076992796,0.0,0.050126962
46362.0,0.091062665,0.021483574,0.0,0.00027214995
47859.0,0.05825476,0.011885909,0.0,0.010937656
52474.0,0.013915343,0.003185753,0.0,0.0025800655
54846.0,0.002243228,0.0006079588,0.0,0.00044810472
45643.0,30.624203,13.991473,14.0,-2.4501123
53564.0,14.836801,5.1653013,4.0,2.374477
53900.0,7.3913565,2.3164985,3.0,-1.6685159
42547.0,0.015389491,0.002610609,0.0,0.006915258
44972.0,0.020053126,0.0019201826,0.0,0.004086914
45555.0,0.004103667,0.0011007239,0.0,0.00057550205
43441.0,25.836248,8.065685,5.0,1.5493841
47799.0,40.39511,14.658514,16.0,2.8763618
52595.0,0.046352874,0.01270787,0.0,-0.010818059
40039.0,60.19602,28.383717,21.0,2.5586295
42391.0,39.780125,16.11664,26.0,-4.1574326
43411.0,24.323086,8.742933,6.0,-2.8356502
46187.0,22.95202,12.736582,11.0,-0.6762137
46214.0,21.109787,7.6985245,5.0,3.2045364
47787.0,10.677466,3.7371562,2.0,3.2662842
47810.0,62.84013,32.257103,32.0,1.4761658
47817.0,40.40382,21.59902,24.0,0.04026073
47889.0,43.652874,16.818468,26.0,-1.1237689
53472.0,34.675636,16.326214,12.0,0.89189976
53509.0,74.19852,37.260044,38.0,0.43893975
37110.0,0.013157626,0.0034081934,0.0,0.0036611052
41532.0,0.020751523,0.00458658,0.0,0.007645257
42350.0,0.010392804,0.001018899,0.0,0.0012988007
42356.0,0.027304329,0.0031285046,0.0,0.021030217
43383.0,0.0014886305,0.00056733214,0.0,0.00019824321
44844.0,0.055260863,0.0055111637,0.0,0.022704639
44879.0,0.044413693,0.007064598,0.0,0.0001535709
46160.0,0.019247433,0.0039188107,0.0,-0.00030429463
47831.0,0.030933931,0.0032929645,0.0,0.0141726155
52432.0,0.043058626,0.005521264,0.0,0.015194744
52942.0,0.013723436,0.0053320527,0.0,0.0022374098
53583.0,47.662216,21.848846,24.0,-0.45396024
54582.0,9.76621,3.0263956,6.0,-0.5380212
37213.0,0.020209255,0.0015788221,0.0,0.0032483174
41069.0,0.0066742646,0.0007089791,0.0,0.004707138
42587.0,0.2491187,0.019599425,0.0,-0.091733254
44912.0,0.01702283,0.0035219428,0.0,0.0011512609
45185.0,0.01173,0.0031899035,0.0,0.004477727
47870.0,0.012941375,0.002501547,0.0,1.3549048e-05
48097.0,0.04950451,0.010551742,0.0,0.009844266
52590.0,0.042869247,0.00355429,0.0,0.02387277
53444.0,0.04319687,0.009363875,0.0,0.02253067
54494.0,0.045169685,0.003072655,0.0,0.024489054
54515.0,0.033153456,0.0051307725,0.0,0.0047247647
47864.0,27.56158,14.054903,16.0,-0.81659967
52743.0,8.468886,2.8265283,2.0,0.8825139
52980.0,21.307764,10.452867,11.0,-1.9735942
53542.0,22.158045,10.588132,12.0,-0.92102414
54511.0,10.82666,3.4624383,4.0,0.6985192
54562.0,44.98056,23.603746,15.0,-1.8371713
40023.0,0.0110093355,0.001963125,0.0,0.002885315
43447.0,0.005166083,0.0011266175,0.0,0.002187883
46111.0,0.03545853,0.0074891425,0.0,0.0037931886
46119.0,0.034134272,0.005614826,0.0,-0.0010748005
46203.0,0.006448464,0.0019472393,0.0,0.0016666932
46277.0,0.002966688,0.0009863725,0.0,0.0006802474
46671.0,0.040290985,0.005105083,0.0,0.0053312904
52413.0,0.016411655,0.005680445,0.0,0.0011411795
52447.0,0.024766268,0.0024463693,0.0,0.008581767
53861.0,0.0010911336,0.00031181815,0.0,0.0005440714
54938.0,9.24131e-05,4.656824e-05,0.0,7.825243e-06
41341.0,20.508156,7.391533,8.0,-0.032231294
42395.0,12.7647915,4.248993,4.0,-1.679405
46085.0,66.0393,32.043705,37.0,-1.7640064
46190.0,60.46826,28.812843,33.0,-0.8484601
53641.0,60.636307,31.32176,32.0,-5.3485374
54650.0,16.12361,6.759003,5.0,-1.1638118
33107.0,0.030537264,0.0027832112,0.0,-0.004406141
42364.0,0.02131302,0.001200085,0.0,0.00032906284
42371.0,0.015988044,0.0022659076,0.0,0.005735429
42500.0,0.0041584005,0.0009793394,0.0,0.0013200347
43433.0,0.018079465,0.0024565079,0.0,0.002465422
46226.0,0.016847923,0.0035234282,0.0,0.00691955
48513.0,0.012757197,0.001075574,0.0,0.0037748308
52467.0,0.0060092364,0.0019116289,0.0,0.0020690882
52733.0,0.065375924,0.011358519,0.0,-0.00023378237
53431.0,0.016292628,0.003265941,0.0,0.0020929375
54475.0,0.019491078,0.0056086136,0.0,0.0044604056
35452.0,12.5576,5.2967,6.0,1.3300725
38542.0,21.07199,7.4760804,6.0,0.7024369
39984.0,39.163414,20.241133,16.0,-0.99044883
43351.0,50.22673,25.622194,19.0,6.417324
43378.0,23.96991,8.132976,15.0,-2.0316856
46188.0,57.508118,28.005438,30.0,-1.5248007
46199.0,28.169376,9.9792385,15.0,1.7525035
47888.0,75.74148,39.62334,35.0,0.4671584
47974.0,69.13895,33.254856,31.0,-3.0217912
48516.0,80.96859,38.409355,47.0,-2.8389435
52535.0,5.949643,3.1483195,3.0,-1.6542823
43396.0,0.013574599,0.0029002489,0.0,0.00045688567
46224.0,0.015765592,0.0030072993,0.0,0.0013009743
48601.0,0.00160969,0.00043177707,0.0,0.00011593588
53638.0,0.00064626354,0.00013347472,0.0,3.0360352e-05
54572.0,0.04867158,0.008641487,0.0,-0.021802997
44825.0,30.320498,10.677833,8.0,1.5215726
52545.0,10.227664,4.275967,3.0,0.19334324
37077.0,0.024048708,0.0035591025,0.0,0.0048045465
38779.0,0.024686392,0.003155082,0.0,0.008301235
39965.0,0.009171847,0.0013661034,0.0,0.004568562
39983.0,0.09512948,0.028176736,0.0,-0.004215443
42367.0,0.053921275,0.0056524957,0.0,-0.0022377737
44949.0,0.0088824,0.00088445155,0.0,0.0039053098
46103.0,0.020823788,0.0033800753,0.0,0.004137909
47784.0,0.12322461,0.023030372,0.0,-0.0036530872
47808.0,0.04646756,0.0110834995,0.0,0.0015484646
52630.0,0.027028378,0.0069345417,0.0,0.0020849467
53478.0,0.11295796,0.036914025,0.0,0.025644748
54491.0,11.824616,4.170818,7.0,-2.1508722
47852.0,0.009866459,0.0017765741,0.0,0.0029559121
40030.0,10.65015,3.3052335,2.0,-1.5379755
48476.0,30.59258,15.46963,15.0,-4.494822
52478.0,50.508667,23.791288,23.0,-1.8399705
35472.0,0.02740383,0.0022137845,0.0,0.005250445
39684.0,0.0019769315,0.00036103805,0.0,0.0005348492
44875.0,0.037344754,0.004097336,0.0,0.01024812
44985.0,0.40119717,0.024963228,0.0,0.00225068
46076.0,0.04258636,0.009208283,0.0,0.0070111672
47857.0,0.041700155,0.007640335,0.0,-0.0031499197
47879.0,0.012562165,0.0048394264,0.0,0.0015461063
48512.0,0.033167336,0.0034101703,0.0,0.017530074
52536.0,0.08798141,0.01856865,0.0,-0.0140237445
53079.0,0.005941017,0.0012739248,0.0,0.0008925228
53522.0,0.04333211,0.0028183742,0.0,0.017644873
52778.0,0.049970325,0.0047337622,0.0,0.04752402
47855.0,60.473133,26.331648,26.0,-4.7582803
54525.0,16.790909,8.309256,9.0,-0.03244131
54560.0,23.043196,7.9504647,8.0,0.7511213
47901.0,0.019123415,0.0017949837,0.0,0.0066174637
54667.0,0.0012671557,0.00051822007,0.0,0.00068751106
37084.0,22.168278,7.7633514,6.0,4.809067
42401.0,28.857548,9.268206,13.0,-1.4680688
43986.0,13.376001,7.103325,10.0,-1.5651505
47848.0,34.331394,12.306778,14.0,-0.08647214
52416.0,62.04019,30.136627,28.0,-2.9393394
54552.0,4.713305,1.4497347,2.0,-0.0026627975
42412.0,0.07613348,0.020359814,0.0,-0.02988221
47847.0,0.037268642,0.01464647,0.0,-0.002039363
47907.0,0.008000783,0.0011903103,0.0,0.0025078617
47987.0,0.0012247186,0.0003678398,0.0,0.00013041534
38619.0,6.024862,2.0847213,2.0,1.2468466
40031.0,16.531326,8.130946,5.0,-0.2556213
46081.0,24.605793,7.938327,6.0,-0.4914506
43424.0,0.010817822,0.0017026488,0.0,0.00034712063
46206.0,0.0091847,0.001734001,0.0,0.00035993836
47873.0,0.0064326636,0.00074735243,0.0,0.0039119115
35449.0,10.7612,4.2114973,4.0,3.1202312
44878.0,25.85574,13.999299,17.0,3.0514016
44906.0,35.89353,18.005808,19.0,1.3420339
46080.0,63.330627,29.46639,25.0,-0.5524983
48089.0,24.909714,9.7674055,6.0,0.8919369
54564.0,0.011655571,0.0022056738,0.0,0.0016307342
47841.0,12.622273,4.80014,5.0,0.49711764
34452.0,0.066847466,0.012721855,0.0,0.00763861
41290.0,0.0715997,0.011737872,0.0,0.0112430705
42400.0,0.057441335,0.008209165,0.0,0.017786093
43399.0,0.02819245,0.007755569,0.0,-0.0011621085
44881.0,0.03213673,0.012655021,0.0,0.01098529
46158.0,0.016763479,0.0025394424,0.0,0.00069536566
46338.0,0.005915111,0.0010651565,0.0,0.0031455862
47952.0,0.006817408,0.002007364,0.0,0.0038342979
52460.0,0.074373715,0.0043308944,0.0,0.009754833
53678.0,0.0224627,0.006801852,0.0,0.0048613097
53868.0,0.012213407,0.002518115,0.0,0.006400515
38551.0,29.679081,11.092425,11.0,3.5682983
52547.0,26.60505,13.524325,9.0,4.0063534
53098.0,0.016983023,0.0051560225,0.0,0.0025857254
54476.0,0.031717297,0.017995289,0.0,0.0070816013
46657.0,11.208381,5.2047043,8.0,-1.10666
48032.0,15.634074,5.019512,5.0,-1.3443247
52945.0,17.316967,8.183538,5.0,1.3856808
47999.0,0.0024352325,0.00036220814,0.0,0.0012403026
52440.0,0.05164287,0.0046682185,0.0,0.013328093
54519.0,0.015580546,0.0026606733,0.0,-0.0070656664
43407.0,24.871912,11.062912,10.0,-1.3249255
52852.0,72.448235,35.253048,35.0,-1.1307876
47880.0,0.0053318115,0.0012490889,0.0,0.0021483707
53486.0,0.005802967,0.0028180457,0.0,0.0016149763
55145.0,0.0068241428,0.00052195985,0.0,0.0020572771
46830.0,0.0122151775,0.0022338224,0.0,0.0025450967
44903.0,67.977165,30.521954,26.0,-7.7813263
45038.0,14.636104,5.0638676,11.0,-3.1315312
46073.0,30.0114,16.775032,17.0,-0.09134041
47863.0,35.78674,14.213886,15.0,-2.5795543
52452.0,65.58688,29.190819,29.0,0.91556656
52496.0,25.376167,8.720446,7.0,1.1458775
52505.0,56.50763,24.565105,27.0,0.23436578
53455.0,42.60984,20.360249,16.0,4.1037045
53481.0,48.70578,20.859108,25.0,2.0581636
53561.0,15.878173,5.32947,3.0,0.417581
54543.0,20.691664,7.1288857,8.0,0.19408502
48723.0,0.009181855,0.0014443134,0.0,0.0006411973
45009.0,29.91412,10.979326,6.0,4.9801702
52458.0,33.9612,15.072196,11.0,0.782552
54639.0,17.62258,6.355142,8.0,-1.6521524
46150.0,0.008622267,0.0027607097,0.0,0.001181374
54553.0,0.012222515,0.0013765366,0.0,0.0008299376
55151.0,0.0016863717,0.00023781284,0.0,0.0005636421
43301.0,31.118338,10.9857645,13.0,-0.62277275
46204.0,23.467686,8.875781,9.0,0.8547886
47786.0,29.138327,10.516612,14.0,-2.210941
29851.0,0.24467815,0.11168695,0.0,-0.047274385
30842.0,0.015803842,0.0015004354,0.0,0.0034718937
40057.0,0.007565357,0.0013243338,0.0,0.0023702162
44995.0,0.054138646,0.009399996,0.0,-0.00012518045
46705.0,0.02227252,0.00551444,0.0,0.0050258962
47827.0,0.017116664,0.0021619503,0.0,0.009373728
52600.0,0.020881802,0.0022796507,0.0,0.0077972026
53491.0,0.122992,0.0059865066,0.0,-0.058249548
53514.0,0.0029929695,0.0013506458,0.0,-7.966034e-05
53571.0,0.025693124,0.0020229814,0.0,0.0010685244
54597.0,0.033447325,0.004846593,0.0,0.01108863
44867.0,19.434458,7.0016613,4.0,3.2844398
53679.0,2.8297253,1.0097511,1.0,-0.07598311
39973.0,0.011873745,0.004101314,0.0,-0.0006166971
46090.0,0.010112978,0.0009610687,0.0,0.0024482652
47821.0,0.0079034595,0.0010312514,0.0,0.0039356723
52480.0,0.020764064,0.001306875,0.0,0.009948506
41349.0,0.015047475,0.005265357,0.0,0.004742865
43291.0,0.05516504,0.013549795,0.0,0.011262259
45012.0,0.0032840755,0.00052464346,0.0,0.0013954284
53480.0,0.017712872,0.0018032488,0.0,0.0037691346
53511.0,0.0018744355,0.00072301825,0.0,-0.000103163904
54481.0,0.023207251,0.0044106278,0.0,0.014356977
46105.0,15.954618,8.2727,8.0,-0.4593217
46092.0,0.019958312,0.0023769517,0.0,0.010590535
47884.0,0.009193992,0.0005204159,0.0,0.00095061085
52488.0,0.00012554816,5.3567488e-05,0.0,2.6572872e-05
53549.0,0.26040083,0.015628183,0.0,0.015923154
38707.0,10.51254,5.809676,6.0,1.9746144
47934.0,14.681697,6.232046,8.0,-0.00038549304
52438.0,15.80311,8.37747,7.0,1.8744377
54937.0,6.6402903,3.7009995,2.0,1.5250549
53453.0,0.019444117,0.0037416772,0.0,0.0039967527
53484.0,0.023545332,0.0041216784,0.0,0.002355851
44823.0,22.278687,12.1106415,8.0,2.9482343
44862.0,27.502308,12.155585,11.0,5.2136135
42369.0,0.0346512,0.012683355,0.0,0.02425315
43352.0,12.368607,4.7015224,4.0,1.5537122
44880.0,13.128531,5.169402,3.0,1.3593292
44926.0,80.30561,37.10632,33.0,2.9476573
46156.0,13.731425,4.8835077,5.0,2.730098
46269.0,91.89157,43.31012,59.0,-3.5211124
46456.0,41.908867,18.735743,14.0,-0.14727065
46700.0,18.87646,10.126272,12.0,-3.6915433
52481.0,29.86192,11.078549,14.0,-1.3550248
53462.0,57.07383,28.93311,30.0,-2.4942133
53494.0,82.93426,40.352962,31.0,-6.2818584
54492.0,81.29855,35.057346,32.0,8.270191
41327.0,0.0009405871,0.00021106517,0.0,0.00011920172
41959.0,0.07611209,0.0114288535,0.0,-0.017845606
42794.0,0.030165093,0.0081542395,0.0,-0.0008732025
44819.0,0.095220245,0.014751013,0.0,0.022305196
46100.0,0.009058966,0.0009301177,0.0,-0.0040885857
46314.0,0.007405669,0.0010134312,0.0,0.0026193105
47874.0,0.03733381,0.0033878586,0.0,0.020860856
52414.0,0.049699288,0.0076304553,0.0,-7.0692855e-05
53442.0,0.0040415493,0.0006395645,0.0,0.00077145686
53506.0,0.059438866,0.012477208,0.0,0.00046240955
54482.0,0.017058123,0.0035713632,0.0,0.005837408
54948.0,12.194339,4.0398355,3.0,0.3181582
40078.0,0.018416457,0.007608598,0.0,-0.0035080966
41291.0,0.042795345,0.012651308,0.0,0.015245856
43821.0,0.013642493,0.0016063683,0.0,0.0032091339
44959.0,0.07759325,0.039873976,0.0,0.03577732
46078.0,0.06522456,0.0041372394,0.0,0.02836281
46256.0,0.067251496,0.009591287,0.0,0.015353091
47819.0,0.039789986,0.008574309,0.0,0.015743494
52433.0,0.02394321,0.004580095,0.0,0.007051821
53477.0,0.02225516,0.0019882317,0.0,0.006265801
53584.0,0.0023440132,0.00041728746,0.0,0.0005843939
54599.0,0.008852971,0.0011154477,0.0,0.0054710787
53498.0,7.275406,2.533383,1.0,1.031589
33099.0,0.022885116,0.003634176,0.0,0.009574826
43586.0,0.004052209,0.0010675446,0.0,0.0017507438
44817.0,0.010169876,0.0030364015,0.0,0.002341467
46279.0,0.11671254,0.021294443,0.0,0.091909625
53443.0,0.038388606,0.0035818068,0.0,0.004948264
53463.0,0.048387118,0.0106049925,0.0,0.0030609197
54501.0,0.021252912,0.0035409408,0.0,0.0028680826
54576.0,0.005896716,0.00087406114,0.0,0.0029371395
46194.0,34.046623,17.582443,15.0,3.737761
54478.0,12.313151,4.332633,8.0,-1.6595622
39908.0,4.726589,2.7695613,4.0,-0.16376224
55173.0,11.483792,4.273825,4.0,-0.33065516
46376.0,0.004029207,0.00067395694,0.0,0.002276837
52524.0,0.012872214,0.0015556647,0.0,0.005640786
52566.0,0.54310083,0.16963439,0.0,0.111849986
47896.0,0.009724578,0.0010748255,0.0,0.0009817312
54604.0,0.015373359,0.003189558,0.0,0.010317734
43455.0,12.177527,4.4499035,7.0,-1.3118869
45226.0,14.258118,4.7662787,4.0,1.0690448
52515.0,25.212246,13.593119,19.0,-2.7777386
52623.0,11.513892,4.444274,6.0,-2.9134753
43487.0,0.00032202108,0.000103888895,0.0,0.00013376954
44814.0,0.0654905,0.009655997,0.0,0.054507602
46755.0,4.329811e-05,1.1789796e-05,0.0,1.6743159e-05
47924.0,0.011847302,0.0030666804,0.0,-0.000913206
41464.0,22.703972,8.252094,9.0,1.1947014
42543.0,80.81027,34.21407,25.0,2.7159712
43314.0,1.6875987,0.5055997,0.0,0.4927983
43436.0,22.471252,7.3654017,5.0,4.2527037
46117.0,39.925774,14.628241,17.0,0.547208
46711.0,52.76568,26.54364,22.0,-0.42502677
47871.0,67.92339,33.324036,32.0,1.7623702
52435.0,99.7294,46.39688,61.0,-5.6026335
52456.0,22.374723,8.153088,9.0,0.14999154
54574.0,51.56653,25.687592,26.0,2.125696
54618.0,54.624634,25.034292,23.0,5.061976
37101.0,0.009786656,0.0019765492,0.0,0.00016366981
46542.0,0.0018090125,0.0004390524,0.0,0.001249446
52513.0,0.016686834,0.0037221787,0.0,0.003293862
46135.0,33.35819,11.977975,11.0,7.641294
46278.0,26.43824,14.236655,14.0,-0.04921758
46771.0,15.6466255,5.416061,6.0,-0.8889675
53537.0,27.774504,14.64318,11.0,3.1549718
54523.0,28.543964,14.087776,14.0,4.369543
44927.0,0.03095803,0.0030999214,0.0,0.005037973
52588.0,0.0025586314,0.00033693618,0.0,0.00018275228
43321.0,16.723778,5.4679446,6.0,4.4339066
44887.0,27.121302,13.748269,15.0,-1.7438076
46312.0,11.249948,4.8702197,4.0,0.3957524
43415.0,0.02504296,0.0073095616,0.0,0.010535001
46197.0,20.378801,6.939902,6.0,-1.2752925
54514.0,20.583296,8.941442,9.0,-3.7694526
42476.0,0.0024779853,0.000548292,0.0,0.0006915032
43808.0,0.027223017,0.009915195,0.0,0.0099158585
42718.0,0.015288988,0.0041700043,0.0,7.18729e-05
43454.0,0.04899417,0.016189916,0.0,0.0067426763
46192.0,0.11126285,0.008877869,0.0,0.032233063
47820.0,0.014377399,0.0016149753,0.0,0.0016344899
48233.0,0.080056466,0.0042463355,0.0,0.0024770496
53435.0,0.06096134,0.012728535,0.0,0.010188028
53471.0,0.020122817,0.0038827478,0.0,0.008463463
43356.0,13.568022,4.997742,5.0,-0.75999635
43497.0,47.50103,23.179653,25.0,6.514772
53624.0,17.909924,5.670315,5.0,3.234736
41390.0,0.006777616,0.0013209664,0.0,0.0027417028
45573.0,0.013790028,0.0038481846,0.0,0.0030167806
53526.0,0.012455149,0.0023050238,0.0,0.0031022257
54660.0,0.0070336317,0.0017029413,0.0,0.0025101623
43341.0,10.97321,5.2405114,6.0,-0.8607647
44813.0,18.450642,5.6066747,5.0,3.6254504
46098.0,22.524271,6.9576874,4.0,5.324074
47829.0,5.553382,2.6843889,3.0,-1.2523152
54533.0,45.280193,25.876549,29.0,-0.7507499
43495.0,0.0031415413,0.0009427286,0.0,0.00070173154
38577.0,64.163376,29.661566,38.0,0.38779306
41239.0,28.424805,10.333086,13.0,-1.0953875
43294.0,50.32761,25.250385,25.0,0.9108871
43298.0,33.79903,13.504592,12.0,6.6692653
46686.0,12.880353,5.928012,5.0,-1.0825474
47844.0,45.206524,20.233547,16.0,1.0208778
47917.0,26.272945,8.831613,4.0,-0.17467612
47939.0,18.477022,6.694277,11.0,-0.36536378
48026.0,58.76078,28.707077,20.0,3.4806812
53532.0,55.270206,25.218636,28.0,-1.337387
54677.0,40.14181,21.594618,20.0,-0.55968696
42416.0,0.0009780115,0.00050903275,0.0,0.0004523871
52561.0,0.002314315,0.0005225274,0.0,0.00031252747
52625.0,0.0101907775,0.005822032,0.0,0.00015357263
37145.0,6.7608657,2.049458,2.0,-0.92311645
41363.0,11.0809145,4.1215396,3.0,1.3836167
42361.0,44.80679,23.398098,15.0,0.76381457
43694.0,8.469796,2.8990376,4.0,-2.3542717
44828.0,51.07974,24.851639,19.0,-2.2751198
44854.0,42.859344,22.323994,24.0,-4.2062054
44999.0,74.01717,34.17046,35.0,4.142314
52436.0,78.1645,37.986736,38.0,2.5132113
52506.0,27.58733,11.520717,11.0,0.55371606
52578.0,18.01538,6.0093503,12.0,-0.66359013
54479.0,23.298103,12.764189,13.0,-2.2496428
46165.0,26.484726,9.491983,9.0,1.8518956
54531.0,2.8706133,1.0354726,1.0,-0.6187984
53553.0,0.009602305,0.0029562374,0.0,-0.0028256043
53687.0,0.008130903,0.0011312139,0.0,-0.0059900205
54563.0,0.01596509,0.0013827448,0.0,0.0031588664
44886.0,18.69265,6.750579,9.0,1.3317561
45395.0,34.567753,15.314989,16.0,-5.0522895
46698.0,28.262304,14.741841,9.0,-0.21432282
54549.0,8.422044,2.8645961,5.0,-1.0916953
53536.0,0.07927476,0.016914623,0.0,-0.027958665
53608.0,0.003505289,0.0014284286,0.0,-0.0018366777
39975.0,0.05738438,0.0059364643,0.0,0.0047062
54496.0,5.6827726,2.5211134,2.0,0.32916376
41258.0,0.040320292,0.005669734,0.0,-5.7410643e-06
43345.0,0.0046361657,0.000812882,0.0,0.00084720395
46276.0,0.037490662,0.009826325,0.0,0.0032522723
47856.0,0.14657044,0.007962772,0.0,0.008610028
47904.0,0.014602264,0.0028129087,0.0,0.0029681907
41227.0,13.295014,4.9095144,4.0,1.1798574
54573.0,8.364588,2.628873,1.0,1.5924304
44856.0,0.15638909,0.033858694,0.0,-0.10378576
53894.0,3.3110442,1.0634965,2.0,-1.1940112
45719.0,8.2816696e-05,5.172902e-05,0.0,3.6798305e-05
54635.0,0.0020472675,0.00012447599,0.0,0.0005069816
43420.0,20.671562,9.925412,14.0,-0.7691438
46387.0,12.6515045,4.5639524,3.0,-0.048027694
53508.0,3.7513075,1.3216615,3.0,-0.8404421
54591.0,7.6329117,2.2923903,2.0,-0.5115248
42372.0,0.011542529,0.0035528608,0.0,0.0020510103
44831.0,0.0066542085,0.0014824031,0.0,0.0011813247
46167.0,0.0037193731,0.001154398,0.0,0.0017221492
42349.0,20.48289,6.8466897,10.0,0.60061014
47878.0,14.270328,5.5302505,6.0,0.2960382
52518.0,26.574259,13.33292,10.0,4.4282827
53500.0,7.3564677,4.2493644,5.0,-1.1329392
41237.0,0.007964119,0.00085008465,0.0,-0.0012216812
42589.0,0.008609293,0.0017337681,0.0,0.001829201
43334.0,0.031562608,0.005193553,0.0,0.011423517
47865.0,0.010367235,0.0012910768,0.0,0.0066034524
54628.0,0.01072573,0.004846224,0.0,-0.0049076676
42406.0,18.474476,6.612047,6.0,2.4904394
43326.0,22.38398,8.184412,5.0,2.9413726
43413.0,6.8043776,3.451438,3.0,-1.5043658
46137.0,51.179832,24.204182,24.0,3.454139
47846.0,50.332645,22.797565,19.0,3.9606335
52546.0,62.415806,31.649042,39.0,-2.2523985
52585.0,6.7396407,2.417108,0.0,1.3231004
53487.0,80.84347,39.389153,44.0,-8.586699
54495.0,20.124334,6.6693807,7.0,1.04884
54600.0,15.77743,7.4197054,10.0,-2.7914305
54708.0,36.037334,20.429007,19.0,-1.6881177
40124.0,0.021314029,0.0017266468,0.0,0.0052031493
42392.0,0.029614963,0.0033389642,0.0,0.00948588
42489.0,0.030071804,0.008923445,0.0,-0.0012314772
41336.0,12.235267,4.288601,2.0,1.0795829
43323.0,28.239908,12.583064,14.0,1.3238258
54579.0,23.415876,11.323515,11.0,-1.150808
44068.0,0.011797034,0.0018644558,0.0,0.0033794532
48207.0,0.0031240387,0.00076894555,0.0,7.5434116e-05
53580.0,0.05419747,0.0034233045,0.0,0.018865073
54668.0,0.0026538433,0.0003526544,0.0,-7.9046804e-05
52492.0,18.435892,7.2080398,7.0,1.780349
52512.0,14.630549,6.7620764,7.0,-2.792816
52607.0,13.668865,6.7445903,8.0,-0.45880467
39997.0,14.473141,4.9485173,4.0,-1.9109862
46113.0,0.041457012,0.0057144472,0.0,0.0028163632
43388.0,6.8328176,2.6328468,6.0,-0.26427886
46846.0,26.207626,12.849031,8.0,0.32720628
53073.0,16.404556,6.3445935,7.0,0.4253515
53451.0,15.46009,8.124394,9.0,0.7886561
52449.0,0.026251353,0.0027469208,0.0,0.0037140122
53677.0,0.005161775,0.0004839856,0.0,0.0043064426
40347.0,22.943903,7.989888,9.0,-1.4444209
42929.0,50.394855,25.044067,34.0,-0.15128219
52706.0,43.398716,20.880222,22.0,4.2936735
54581.0,1.5738943,0.60977787,0.0,0.7613504
54671.0,11.52933,3.7878268,6.0,-1.5003537
48657.0,0.002802297,0.0009158185,0.0,0.0013910477
42471.0,0.063762,0.0048401263,0.0,0.010017357
42477.0,0.010324198,0.0014534649,0.0,0.0060848226
43329.0,0.006974573,0.0029564984,0.0,0.0031079922
46071.0,0.14761873,0.0135035915,0.0,0.003197803
46309.0,0.022481844,0.008602437,0.0,-0.0047928845
46797.0,0.026634872,0.0037721698,0.0,6.448241e-06
47789.0,0.056386847,0.008043545,0.0,0.00075750524
48489.0,0.02235467,0.003026874,0.0,-0.002422544
52412.0,0.021780657,0.0025770362,0.0,0.0079606045
52551.0,0.0053965934,0.0011394062,0.0,0.0018242913
54472.0,0.046553113,0.0032129877,0.0,0.023016028
43361.0,18.156359,6.4435053,7.0,0.94674563
54583.0,9.811449,5.565916,7.0,-2.0386007
33131.0,21.041609,7.852259,8.0,2.8094642
53460.0,29.78165,11.641653,16.0,1.4769108
54584.0,6.5176506,3.4816155,3.0,-0.35192093
54606.0,25.844852,12.9756775,12.0,-0.3066849
42954.0,7.77624e-05,3.854135e-05,0.0,3.4238783e-05
53590.0,0.00059619313,0.00010414636,0.0,0.00027412586
42488.0,56.881153,28.080841,27.0,-0.918654
43373.0,48.824368,24.745296,25.0,2.516934
44829.0,33.701466,11.969293,17.0,-0.88789207
46082.0,36.428444,12.431693,10.0,1.3799007
47809.0,31.194643,11.275538,12.0,1.708793
47956.0,59.481304,27.529121,35.0,-6.6293645
52624.0,52.96718,25.885742,30.0,-1.0005262
52637.0,17.420237,5.813758,7.0,0.549733
53503.0,46.434883,25.00427,24.0,2.9887116
53642.0,19.750116,9.572051,8.0,2.3028562
54643.0,15.103704,4.9357514,3.0,-0.20798703
53586.0,0.0032487228,0.00044028353,0.0,0.0003077147
53448.0,55.950195,25.951292,27.0,4.3070803
53592.0,50.679993,25.577599,25.0,-3.0051098
48181.0,0.058685537,0.0056014615,0.0,0.020461177
52614.0,0.0077238358,0.0013636422,0.0,0.00033474463
54605.0,0.006755367,0.00092032435,0.0,0.0012005328
42444.0,3.8052797,1.3549016,1.0,-0.2246334
42448.0,0.0012155125,0.0005506087,0.0,0.00038210623
46487.0,33.404438,12.502399,12.0,-0.36428392
47941.0,62.446117,32.07255,34.0,-1.8031482
35454.0,15.228885,5.4905868,3.0,2.808994
41595.0,19.288502,6.506674,7.0,-1.3569793
42443.0,21.691206,7.108011,7.0,3.2968137
52429.0,0.0027154747,0.0011610352,0.0,-0.00013236725
43366.0,0.16290191,0.076114856,0.0,0.07662994
47984.0,32.487377,17.39291,16.0,0.89125276
52792.0,9.286847,3.808489,3.0,-0.7264262
54527.0,12.332679,6.188885,5.0,1.0065702
44896.0,0.01452562,0.002980071,0.0,0.0013458111
46674.0,3.2894206,1.2385588,2.0,0.2752161
53887.0,3.9821446,1.3264003,1.0,0.0337233
48700.0,0.0025597636,0.0007047983,0.0,-0.0006615457
37075.0,24.310724,8.53835,8.0,2.9591002
47792.0,11.994997,4.1301155,4.0,0.4376138
52647.0,48.186443,25.51969,23.0,-1.0103626
53459.0,19.77369,7.677498,11.0,1.0798795
47969.0,0.0017935543,0.00038101437,0.0,0.0003159081
38868.0,49.474545,24.890371,21.0,3.7341485
42360.0,6.998845,2.5527947,3.0,-0.032088086
44938.0,21.86171,7.052008,11.0,1.2014354
46139.0,61.93012,28.092365,33.0,2.2728784
46354.0,24.488346,12.695386,15.0,-0.33197194
46757.0,36.988995,18.258875,25.0,-2.566775
47785.0,18.475973,6.1208873,7.0,-1.1596388
47931.0,55.276653,28.4183,27.0,-1.2344552
48268.0,4.76828,1.9550136,3.0,-0.12880534
52422.0,4.2798967,1.705548,1.0,1.4352361
53609.0,63.412292,29.592022,26.0,0.2805166
40149.0,0.010701162,0.0009946713,0.0,0.0048423135
46699.0,13.394677,6.1920033,5.0,0.29950714
54622.0,17.633215,8.212568,7.0,-1.0841266
52609.0,0.027047276,0.0026059942,0.0,0.001866105
45280.0,0.0040904735,0.0009455044,0.0,0.0011668383
46446.0,0.0015342247,0.00044699034,0.0,0.0006139426
46144.0,19.444477,6.7137284,6.0,-0.5952582
52471.0,28.468962,13.842275,15.0,-0.6344878
54486.0,4.1635146,2.0006657,1.0,0.39096925
54551.0,0.13984612,0.010389874,0.0,0.0046500308
45635.0,0.0121025955,0.0047247144,0.0,-0.00033740888
52470.0,0.084446244,0.0076606236,0.0,0.004020952
43339.0,0.0032221442,0.0005976129,0.0,0.00061191205
43722.0,0.0056619933,0.0018874094,0.0,0.0009526903
52516.0,0.014127086,0.0015886349,0.0,0.0031127064
46521.0,34.516853,15.523216,14.0,5.6244416
48514.0,0.0035047284,0.00038693674,0.0,0.00065095566
52553.0,0.0076185083,0.00075392483,0.0,0.0014101441
41256.0,9.722553,5.3991714,4.0,0.59531665
43405.0,18.010654,6.477271,8.0,-0.99235666
48123.0,17.281252,5.776146,4.0,-0.27010688
53601.0,40.974167,21.083702,14.0,-2.4802425
54716.0,0.02302295,0.0014596925,0.0,0.0009500975
43092.0,0.1850652,0.054459468,0.0,0.09170134
46157.0,13.517243,6.492502,5.0,0.45433688
47944.0,11.245705,3.779268,1.0,2.9736052
54526.0,10.219995,3.405172,4.0,-0.054973166
40089.0,0.0071174395,0.0018443051,0.0,-0.00051674945
46180.0,0.005829242,0.0006971621,0.0,0.002004289
47853.0,0.042150207,0.012416992,0.0,0.006302633
52465.0,0.00062877405,0.00031176116,0.0,0.0001944644
42901.0,18.506067,8.569178,6.0,1.0711277
46127.0,21.363663,9.601151,10.0,0.20943624
44876.0,0.063620485,0.007385921,0.0,0.0034072953
44901.0,0.009302733,0.0020666542,0.0,-0.0007048094
45159.0,0.021492518,0.0063223992,0.0,0.0009193118
46093.0,0.063168794,0.012355597,0.0,0.017541792
46102.0,0.022984395,0.0020764521,0.0,0.0066163894
46284.0,0.013250346,0.0016050391,0.0,0.001901382
53488.0,0.030547831,0.0025030954,0.0,0.025688544
53499.0,0.018531894,0.0018307766,0.0,0.0021977758
53512.0,0.008819193,0.0019973062,0.0,0.002075865
53633.0,0.019126369,0.0040055807,0.0,0.0016319992
54471.0,0.11667272,0.018078407,0.0,-0.0048668897
53018.0,1.687396,0.77944773,0.0,0.5439647
48456.0,0.0058732326,0.0006160759,0.0,0.00075401814
46841.0,4.759364,1.729039,3.0,-1.8104296
42344.0,0.011325685,0.0038218622,0.0,-0.0044495687
45244.0,0.045563716,0.0050507826,0.0,0.0026937092
53596.0,40.04238,20.750092,25.0,-3.7416701
52538.0,13.084005,4.540586,4.0,0.6703588
52272.0,14.551447,8.956313,10.0,-0.6076834
41292.0,0.0041595283,0.0024543407,0.0,0.0011625398
43336.0,0.009956384,0.002985713,0.0,0.003977491
44905.0,8.362253,3.6112146,4.0,0.028154247
54556.0,0.0076144924,0.001579551,0.0,-0.0017037301
41403.0,12.0616455,4.986454,5.0,1.2931052
43376.0,11.633952,6.3938856,7.0,1.6182001
52539.0,12.505266,4.051577,8.0,-2.445039
42511.0,0.00087803404,0.00024224047,0.0,0.0003504019
52520.0,0.007269582,0.0013324554,0.0,0.00053277746
54725.0,0.039016105,0.004718023,0.0,0.00031852635
47900.0,11.753755,4.4021764,4.0,1.0224252
53957.0,15.034469,8.06884,10.0,0.25507683
42357.0,0.069515504,0.0071229115,0.0,0.0075156717
42883.0,0.017913096,0.0017770068,0.0,0.006465629
43324.0,0.058042597,0.01447698,0.0,0.011937872
54602.0,0.020092249,0.004622434,0.0,0.0032499009
40463.0,2.9750063,1.2361188,1.0,0.95367354
52627.0,36.7307,19.107944,20.0,-1.3175079
48541.0,0.03458526,0.005554954,0.0,0.010271207
47940.0,6.263885,2.1380503,2.0,-0.78062665
42331.0,17.364214,6.6016145,4.0,1.5189968
42512.0,4.2357283,2.1458995,1.0,0.5942107
53647.0,0.03751561,0.0057032774,0.0,0.0010354742
53658.0,0.010491032,0.0015024103,0.0,0.006442741
53896.0,0.00048673205,0.00021576651,0.0,0.00019690576
53611.0,21.154423,8.491643,6.0,0.9268022
46170.0,0.026588226,0.0032359054,0.0,0.010085673
53519.0,9.121403,3.2294223,2.0,1.2340412
45024.0,0.0044888197,0.0011793525,0.0,0.001790318
42393.0,22.416765,11.56234,11.0,1.1440959
42403.0,9.076007,3.1210783,4.0,0.11774735
53581.0,27.918722,12.676858,13.0,0.07987194
53518.0,0.020100528,0.004990732,0.0,0.0030588435
52613.0,19.109911,11.367897,10.0,-1.4083787
45721.0,0.0071663717,0.00096270913,0.0,0.0017933747
52443.0,0.021015327,0.0047016116,0.0,0.002482958
35562.0,23.731638,9.315942,11.0,-2.441136
52848.0,5.6928625,2.124862,0.0,-0.85486585
54505.0,34.238983,14.315608,16.0,-1.5538894
44009.0,0.00105247,0.00020217255,0.0,0.00045822494
37778.0,42.18767,18.071867,18.0,3.9538808
52479.0,19.857174,7.4676895,8.0,-2.097431
53533.0,23.242317,12.529903,11.0,2.0547836
44976.0,61.47212,27.915123,30.0,0.7496819
48482.0,10.898711,4.8136067,6.0,-0.08370489
47876.0,0.00069432403,0.0003106649,0.0,0.00030180666
48051.0,0.0023559928,0.00093789253,0.0,0.0005134731
54688.0,5.1102715,1.5061961,2.0,1.2313105
43295.0,0.018581668,0.0016873148,0.0,0.0011288474
40074.0,25.839098,9.259365,10.0,2.49359
47890.0,17.296576,5.9972897,3.0,3.934449
36785.0,0.00062454253,7.7312e-05,0.0,0.00040561854
48786.0,0.0010052421,0.00015268566,0.0,0.00046468622
52673.0,0.008200656,0.0016152395,0.0,0.0046363245
42816.0,19.160553,7.969466,10.0,-2.3907619
43335.0,26.145172,8.943574,15.0,-4.743238
47862.0,17.346706,11.1734915,10.0,0.11556157
54541.0,15.762973,5.4130554,7.0,-0.25832558
54520.0,0.03756299,0.005003988,0.0,-0.016060218
53656.0,14.603131,7.366938,8.0,-0.6168056
48707.0,0.016358923,0.0032716042,0.0,0.0057360223
42116.0,50.951355,26.30805,23.0,2.9592783
44837.0,28.076574,12.89784,16.0,-2.3307395
46504.0,7.688623,2.8201034,4.0,-0.6581849
54586.0,37.239227,17.630133,19.0,-5.9665136
52463.0,0.008110163,0.0015076601,0.0,0.002473434
54575.0,0.02546218,0.0013289101,0.0,0.0067691915
54608.0,0.014422262,0.0018865573,0.0,0.010260335
55200.0,1.1237779,0.23969708,1.0,0.15748245
42935.0,32.90846,16.522686,15.0,-3.4867857
43292.0,7.403167,2.2991161,4.0,0.71386755
47811.0,17.081856,5.9238744,4.0,2.1852522
47843.0,56.19016,25.349249,18.0,0.2092709
54625.0,18.173971,5.8532677,12.0,-1.8914406
37841.0,8.267562,2.880468,1.0,2.418369
46672.0,1.6208624,0.70551765,0.0,0.440436
52762.0,0.00070033636,0.00036061415,0.0,0.00029920175
53502.0,15.633566,5.084574,4.0,0.22946852
53618.0,12.210009,3.9245963,5.0,0.3753941
53663.0,7.298683,2.496003,2.0,0.23237918
55016.0,2.2466223,0.76446015,1.0,-0.8416243
40048.0,9.300844,3.4120743,3.0,0.24350932
38605.0,0.046878524,0.008775076,0.0,0.0066109253
41369.0,0.026537022,0.002525797,0.0,0.012560219
42721.0,0.01705791,0.0052008475,0.0,0.0047571347
43384.0,0.031373814,0.00263247,0.0,0.0009673596
44832.0,0.0070432792,0.001484428,0.0,0.0014486897
44987.0,0.034553003,0.0026920168,0.0,-0.0010884972
46109.0,0.047875196,0.010521384,0.0,0.0074168923
47824.0,0.024605295,0.0031270497,0.0,0.003853586
52491.0,0.020583002,0.0023163136,0.0,0.0054397103
52526.0,0.002263077,0.0008122416,0.0,0.0004378036
53464.0,0.01677932,0.0025441141,0.0,0.005389416
46213.0,0.0046436475,0.0014570822,0.0,0.0007330881
54637.0,8.814277,4.061955,3.0,-1.0023155
43444.0,5.4232155e-06,3.3453634e-06,0.0,-2.4204599e-07
48566.0,3.5064232,1.137513,0.0,0.744741
40107.0,10.0220375,4.7341495,4.0,0.8086765
40166.0,38.562237,17.591114,15.0,0.55768996
54483.0,0.02866657,0.005427159,0.0,-0.01224993
42469.0,0.0032066277,0.0008477499,0.0,0.0022971262
45063.0,2.7942035,0.85371274,0.0,0.5907519
46159.0,12.849273,4.735015,7.0,-1.2598386
43395.0,12.114237,4.515806,5.0,-3.4211028
44922.0,6.1771703,2.1955485,2.0,0.007545421
53599.0,16.727304,6.7353215,4.0,1.7874174
41786.0,10.494432,3.776885,3.0,-1.0214502
52475.0,10.529934,4.68462,5.0,1.83709
53739.0,0.00080583023,0.00061032287,0.0,0.00016808433
53534.0,16.723574,6.2871284,5.0,1.2242283
53449.0,0.00093499175,0.00023908082,0.0,0.00045692673
54532.0,0.004080947,0.00075435604,0.0,0.0011340677
54577.0,0.025443533,0.0031374854,0.0,0.004699784
42381.0,38.14328,13.705513,14.0,2.5029452
43426.0,33.646694,11.738202,16.0,-1.5160825
46087.0,46.808884,22.350199,15.0,0.27262673
53602.0,19.357792,6.1133475,4.0,-0.38234928
54642.0,0.0003993144,0.00019024318,0.0,0.00025696302
41230.0,0.012903508,0.0027886562,0.0,0.007913344
52502.0,0.0045463233,0.0016077291,0.0,-0.00016114577
52616.0,0.0007429514,0.00022656868,0.0,0.00027852925
54499.0,0.013179044,0.0035587337,0.0,0.003251306
44835.0,0.029953916,0.010416388,0.0,0.002955836
53574.0,0.048504174,0.0024871996,0.0,0.0006682
46229.0,17.583206,5.847,7.0,-1.708193
44869.0,25.389578,10.190642,14.0,2.9541447
46823.0,7.8010755,3.562846,3.0,1.0015837
45069.0,0.0028511356,0.00035372464,0.0,0.0011006253
48485.0,6.3664855e-05,1.7104609e-05,0.0,4.363066e-05
44866.0,19.95972,9.449173,9.0,0.85221577
47938.0,22.235552,9.090363,7.0,1.5742584
53589.0,1.0095775,0.8205461,1.0,-0.9433227
54550.0,6.54332,3.2504697,3.0,-0.52104783
54665.0,1.9820875,0.5817107,1.0,-0.69270205
54871.0,0.0013177607,0.0005003869,0.0,0.001071592
47605.0,0.00089645386,0.0002031986,0.0,0.00038442673
48683.0,0.0017504336,0.00074530795,0.0,0.0007281855
44863.0,13.171876,4.8219047,6.0,1.8206432
48462.0,14.105994,4.9448504,5.0,-0.23264933
44908.0,0.17532101,0.024888108,0.0,0.0003162123
48475.0,0.02173013,0.0014077891,0.0,0.0008343017
53727.0,0.025404776,0.0017325483,0.0,0.010578165
52660.0,0.0006819314,0.00017275645,0.0,0.00023289018
52766.0,0.11266509,0.012964199,0.0,-0.011371557
42363.0,0.015969591,0.0039482056,0.0,0.0069535305
42437.0,0.0006057502,0.00034564512,0.0,0.00021983094
43787.0,31.842297,11.175493,15.0,0.8006464
46249.0,21.381445,7.2874594,9.0,-0.48810893
47790.0,34.147247,11.767438,9.0,0.3584169
54466.0,40.171688,15.0757885,15.0,2.0572011
48556.0,0.008531303,0.002295876,0.0,0.00065091864
35493.0,15.752486,6.765132,8.0,1.9634987
38947.0,0.0025763663,0.001413887,0.0,-0.0019047868
41269.0,36.21292,14.069858,14.0,0.5568099
40129.0,0.018441144,0.0019757105,0.0,0.0077862707
48094.0,0.0037076522,0.0007683114,0.0,0.001207863
52423.0,0.016903518,0.0050536594,0.0,0.0026338152
53527.0,0.007966966,0.001213745,0.0,0.0030431894
54545.0,0.007219312,0.0024818084,0.0,0.0016705409
54627.0,0.0066921366,0.00080507423,0.0,0.00039675838
39646.0,0.004283187,0.00049984583,0.0,0.0013353376
54596.0,0.002577365,0.0006859032,0.0,-0.0001736886
44937.0,4.9833355,2.5790658,1.0,0.5135819
52498.0,11.24877,3.8133929,4.0,0.38421783
53712.0,8.648436,2.6195965,2.0,0.7145845
48096.0,0.01999141,0.0021895037,0.0,0.0023980967
53675.0,4.0456758,1.3380877,3.0,-2.3430932
47915.0,8.694346,3.2113183,4.0,-1.0381624
54508.0,0.0056379363,0.0016284898,0.0,-0.00034072992
44855.0,4.021172,2.1580064,3.0,-0.107375525
48198.0,23.680452,7.5555167,10.0,-2.0998077
54666.0,0.0020018073,0.00028988463,0.0,0.0011631927
54535.0,3.0019584,1.1340374,0.0,0.8739965
43332.0,30.360243,10.417204,14.0,-4.90017
45571.0,30.36778,15.193536,18.0,0.31587633
52662.0,8.635551,3.7453766,4.0,0.9448242
41296.0,0.016871069,0.0017314457,0.0,0.0051041874
52454.0,0.036398634,0.006471689,0.0,0.023545071
42421.0,18.121553,9.048741,6.0,-0.3545119
44820.0,0.03343177,0.006615603,0.0,0.001757747
44882.0,0.0039362363,0.0010446637,0.0,0.0005944035
46070.0,0.046304215,0.013017489,0.0,0.01578879
52858.0,0.0056812107,0.0011153653,0.0,0.0014898799
52797.0,2.2039132,0.7392221,2.0,-0.460585
53535.0,14.179354,4.9599233,6.0,-2.066546
53551.0,1.3974832,0.5651641,0.0,0.26890656
41808.0,0.122205526,0.023091184,0.0,0.059863888
42486.0,0.004601864,0.00035606348,0.0,0.00027489202
48308.0,4.1874285,1.4565119,1.0,0.22181508
52764.0,1.343487,0.54188603,0.0,0.5243419
48118.0,0.019301066,0.008312251,0.0,0.014818386
53703.0,0.007449177,0.0018481069,0.0,-0.00038519982
54538.0,0.0040133283,0.0010731679,0.0,-0.00047231477
54542.0,0.0010909187,0.00041528032,0.0,0.0004515042
41245.0,0.0005713362,8.351439e-05,0.0,0.00013122015
44873.0,44.94555,20.940704,19.0,1.4937884
53244.0,0.008720863,0.0015639404,0.0,0.00057438633
54529.0,8.85404,3.2052388,2.0,-0.2646574
40026.0,0.03632974,0.013223763,0.0,-0.0037714099
54506.0,0.09391283,0.008891847,0.0,-0.03925555
53819.0,1.2541826,0.35863018,0.0,-0.2729689
44003.0,0.026689693,0.0054072565,0.0,0.0029773363
47954.0,0.026261581,0.0051848204,0.0,0.0011039998
44842.0,7.1521425,2.6240265,5.0,0.76208633
48447.0,3.1396275,1.7637852,3.0,-0.8659435
54568.0,17.62328,6.5838327,5.0,2.9843917
54723.0,0.001232561,0.0004417568,0.0,0.0005886286
41361.0,2.5366597,0.9139483,0.0,1.3726927
44858.0,0.20608039,0.049915683,0.0,0.111651845
53707.0,0.012373989,0.0053770193,0.0,0.010222885
44871.0,13.552754,4.573417,7.0,-0.86177367
54042.0,0.018133378,0.0016130522,0.0,-2.1084634e-05
48011.0,0.0012444626,0.00021155641,0.0,0.00014018161
54613.0,0.007952298,0.0016902802,0.0,0.0029729328
48581.0,10.825516,5.3182306,6.0,0.14566988
53051.0,2.136271,1.0223399,0.0,-0.5732134
46461.0,0.0014649102,0.00047212193,0.0,0.00025179147
53854.0,10.05821,5.3704453,4.0,-0.6834738
38545.0,8.131047,2.8866465,3.0,2.0016992
52514.0,0.008420556,0.0006933858,0.0,0.0026117063
53047.0,0.0010842944,0.00021091755,0.0,0.0001176167
53612.0,0.11229123,0.03256934,0.0,0.0439047
46253.0,7.982158,3.708455,5.0,-0.8324938
52499.0,0.002339042,0.0002786995,0.0,0.00062319875
44902.0,32.027958,18.065426,21.0,0.017992795
35443.0,0.023845496,0.0018611203,0.0,0.010188746
41500.0,0.00478833,0.0016797644,0.0,-6.385211e-05
52598.0,0.0099762175,0.001892748,0.0,2.473482e-05
48770.0,8.836653,3.2033374,4.0,1.5525861
44968.0,30.463676,15.295668,16.0,-0.88344437
53595.0,18.441936,10.773096,13.0,-0.3656976
47867.0,18.80797,7.1516504,13.0,-2.937185
39212.0,0.0043897247,0.0022538991,0.0,0.00029756085
52665.0,8.837307,2.9060898,3.0,2.0184355
54640.0,2.6849656,0.8315455,1.0,-0.8225094
45785.0,0.0028417392,0.00082015095,0.0,0.0011621312
42433.0,11.819797,4.519495,2.0,2.4589813
52495.0,16.171637,5.3051505,6.0,-1.3786081
46282.0,0.003571896,0.00025105823,0.0,0.0011929083
52574.0,0.0019177359,0.00083195284,0.0,0.0007234741
46796.0,5.850008,1.7124641,0.0,0.80741286
48027.0,21.214863,8.74124,7.0,1.8440136
48537.0,11.585677,3.5764837,8.0,0.29519615
52482.0,4.014462,1.3119187,1.0,0.2489969
42514.0,0.00036483488,0.00011469096,0.0,-1.0061656e-05
48117.0,9.921437,4.6146145,4.0,1.6781331
48259.0,33.711197,15.542027,18.0,-2.9282491
52557.0,0.0033285113,0.00068712555,0.0,0.0009874883
53556.0,0.061735738,0.012644515,0.0,0.0085683055
47918.0,5.2102304,1.8298395,1.0,1.0929537
48454.0,1.6867172,0.43762082,0.0,0.081905544
46522.0,0.0013258334,0.0005514622,0.0,-0.00031657697
46437.0,0.011120746,0.00087795104,0.0,0.0012071889
48471.0,0.0027207301,0.0007987481,0.0,-0.00015707036
52450.0,0.0026769529,0.00042321492,0.0,0.0006663446
46367.0,0.008124,0.0012997695,0.0,0.00015706901
45352.0,7.2290354,3.457749,3.0,0.36117625
53479.0,2.9215825,1.0638093,1.0,0.020648003
54546.0,8.29911,4.2823777,4.0,0.18389282
52494.0,0.032222237,0.003304718,0.0,0.0018288802
42358.0,0.0068135546,0.001979011,0.0,-0.00016989635
54641.0,5.0669346,1.921041,0.0,-0.047798842
52641.0,13.385832,4.6986012,3.0,0.23587665
38589.0,7.390896,2.7626019,5.0,-0.5678178
53575.0,1.3182731,0.5037586,2.0,-0.09944777
42569.0,0.0027687887,0.00022793154,0.0,0.0015462528
35522.0,10.709637,3.5355296,2.0,-0.29020768
52569.0,0.00014242827,4.9419854e-05,0.0,6.183596e-05
48530.0,0.0003815729,0.000117508665,0.0,0.00017532881
46377.0,0.010398689,0.002093407,0.0,0.003016171
44892.0,1.2598822,0.34500402,0.0,0.42322838
41599.0,17.552172,6.704086,5.0,1.0757066
55104.0,3.8437488,1.3602873,0.0,0.22891973
37130.0,0.014971339,0.0013145914,0.0,0.0050803144
44917.0,0.024112672,0.0022893632,0.0,0.004964828
48646.0,0.06649748,0.016760003,0.0,-0.037744384
48023.0,3.1664333e-06,1.958372e-06,0.0,1.3575454e-06
48225.0,0.0025243321,0.0003266482,0.0,0.0015978726
52517.0,0.004573497,0.00054598437,0.0,0.0014415388
53531.0,2.2631705,1.7314624,3.0,-0.16560294
54493.0,5.789268,2.132849,3.0,-0.58723164
52725.0,0.004234576,0.0011113746,0.0,0.0028158152
42827.0,6.1810794,2.6202452,3.0,-0.022710774
44818.0,2.7909145,1.0414356,3.0,-1.4467698
39998.0,7.8955812,3.1752572,2.0,0.12232179
54784.0,3.703312e-05,1.3803102e-05,0.0,9.886309e-06
43400.0,0.792724,0.19637765,0.0,-0.12575856
52873.0,0.9914527,0.34168625,0.0,0.5439447
46649.0,2.2182894,1.3101296,1.0,-0.4011336
52952.0,0.51533973,0.1498208,0.0,0.027510379
53669.0,2.2119765,0.66199845,1.0,-0.80882114
53716.0,1.8473992,0.49288887,1.0,-0.03437102
54686.0,0.06957305,0.030420648,0.0,0.060633
54705.0,0.9281184,0.63530433,1.0,-0.5799613
43445.0,0.0005446029,0.00010490264,0.0,-0.00032654929
43484.0,0.0022530418,0.0003543274,0.0,0.0014297335
53432.0,0.005653731,0.00066395913,0.0,0.002578268
53623.0,0.0018259452,0.00029151954,0.0,0.001116379
46329.0,4.946051,2.5287519,2.0,1.0234785
55125.0,0.0010155174,0.00021537639,0.0,0.0004947719
52666.0,0.005785922,0.0012130789,0.0,0.0026280156
55133.0,0.029368501,0.0062185936,0.0,-0.020982295
47749.0,0.020113882,0.0011167164,0.0,0.0008653083
37139.0,0.07823555,0.008813561,0.0,0.00033576018
46290.0,8.371726,2.7496293,3.0,-0.2665487
43313.0,19.834312,11.180178,13.0,-2.7197328
53009.0,0.0031272168,0.000678969,0.0,0.00066737825
52835.0,0.17355329,0.060183845,0.0,0.12105633
48013.0,1.684399,0.6095386,1.0,-0.17691511
53457.0,7.172064,2.7370982,4.0,0.82360053
45355.0,0.0010274448,0.000600619,0.0,0.00027661736
46992.0,0.13893497,0.02353731,0.0,0.13155045
37308.0,19.119041,6.5118995,8.0,-1.0226175
54607.0,2.3579516,1.3317627,0.0,1.109797
48415.0,0.0034126923,0.0014488567,0.0,0.00024385634
48576.0,0.0021545044,0.00060697075,0.0,0.00032320933
45186.0,0.007268322,0.0012805134,0.0,0.0006317635
45217.0,9.07188e-05,2.190581e-05,0.0,8.425076e-05
52426.0,5.9639202e-05,2.290084e-05,0.0,4.296228e-05
52486.0,0.00030827106,0.000103976934,0.0,8.789241e-05
47822.0,11.160859,5.0411263,5.0,-0.20914054
46130.0,0.00216098,0.0009497669,0.0,0.00085552636
46122.0,7.2907376,2.7036443,5.0,-1.1285664
54663.0,0.0019901881,0.0003040142,0.0,0.00016724144
52913.0,4.9866214,2.3946433,2.0,-0.49970406
46331.0,0.012441819,0.0037936606,0.0,0.011022976
47832.0,3.9082363,1.272022,1.0,0.48169604
43461.0,0.00014536412,5.5548073e-05,0.0,7.3269344e-05
52932.0,1.7126234,0.44809723,0.0,-0.26248747
54614.0,0.017179223,0.001076007,0.0,-1.7335988e-06
42428.0,0.0040561245,0.00065784744,0.0,0.00024976092
48455.0,0.0007164392,0.0001292056,0.0,0.00040708625
47812.0,3.329374,1.2967697,0.0,0.57078385
54680.0,0.021018283,0.0018446353,0.0,0.008574488
46168.0,0.1982468,0.058361843,0.0,0.18129715
46958.0,9.851194,5.0953794,6.0,-0.4850504
46162.0,12.050877,4.876834,7.0,-0.18305214
54624.0,4.956431,1.550122,0.0,0.62010545
55032.0,12.194542,4.335648,8.0,-2.5556152
45630.0,0.009607393,0.0007624059,0.0,0.0007893508
53510.0,0.0020217507,0.00029013955,0.0,0.00040502567
48090.0,0.0045735855,0.0012252963,0.0,0.001598636
54565.0,4.677638,1.7655548,1.0,0.97232467
48301.0,3.1566246,1.2136323,2.0,0.23949772
44174.0,1.5294938,0.54472923,2.0,0.14081587
48988.0,0.0018784166,0.00028363406,0.0,0.0010048596
54702.0,1.7532313,0.7467071,1.0,-0.83183646
52603.0,0.0011196696,8.100984e-05,0.0,1.8953562e-05
53953.0,3.619716,1.4002163,3.0,-1.0405093
43845.0,0.0009563817,0.0005063074,0.0,0.00021385717
54698.0,0.0007722231,0.00027192966,0.0,0.000470259
53000.0,0.0013139893,0.00028461736,0.0,0.000101941565
48495.0,3.4873495,1.3554573,2.0,-1.8052255
42837.0,0.008138229,0.00071355316,0.0,0.0005258698
48766.0,0.00019993851,8.046358e-05,0.0,5.1176437e-05
37792.0,0.1666919,0.07889614,0.0,0.07254748
48008.0,6.1104136,1.8205371,1.0,0.5149053
54558.0,0.0020973093,0.0003434001,0.0,0.0004760465
52759.0,3.2967763,1.076725,0.0,-0.88200635
46320.0,0.0008641258,0.00033709372,0.0,0.00024588013
55149.0,2.1743038,0.78059053,1.0,-0.6036898
53053.0,1.7095208,0.719519,1.0,-0.7311382
53732.0,0.00055565673,0.00016810095,0.0,0.0002830559
54038.0,0.004608421,0.0011091687,0.0,-0.00057769596
48555.0,1.4475257e-06,7.924935e-07,0.0,1.0821691e-06
34754.0,2.499499e-05,4.5559705e-06,0.0,1.1230877e-06
41630.0,0.003684271,0.00043406207,0.0,0.0006212461
45900.0,0.025423,0.0034853283,0.0,-0.004275566
53117.0,0.001100883,0.0002525876,0.0,0.00042688585
45507.0,7.8429315e-05,2.6739952e-05,0.0,5.005126e-05
53855.0,0.035840828,0.0056462167,0.0,0.0017686115
55190.0,1.2597164,0.40888932,0.0,-0.078891896
41712.0,0.00012119089,3.2769134e-05,0.0,4.7686495e-05
52489.0,0.0028209896,0.0006352546,0.0,0.0014990752
54712.0,0.006974631,0.0022936428,0.0,0.0024570029
55042.0,0.013564543,0.003432729,0.0,0.00069792516
47866.0,2.049868,1.2901876,2.0,-0.904631
53643.0,0.00027705447,5.422407e-05,0.0,3.1070012e-05
47823.0,3.210003,1.5991352,1.0,-0.44032213
48588.0,2.0029204,0.9786601,1.0,-0.86760086
42553.0,1.9422317,0.7216514,0.0,0.80120265
41947.0,3.2828083,1.3746123,1.0,-0.20133696
55175.0,1.3273911,0.71790314,0.0,0.14138974
42397.0,0.009855081,0.0023981405,0.0,0.00056963466
34843.0,0.0196372,0.002555482,0.0,0.00015552636
40024.0,0.016498465,0.0023514517,0.0,0.00041840225
54528.0,0.010995863,0.0014761763,0.0,0.003050506
52468.0,7.265461,3.0979114,6.0,-0.8096612
44974.0,14.73902,7.1554694,7.0,-0.64592135
54566.0,0.0005351363,0.00018771648,0.0,-0.00012448535
47835.0,0.0015878447,0.00018121641,0.0,0.0010722711
53645.0,0.31702548,0.16283219,0.0,0.1122926
46270.0,0.005952588,0.0009543262,0.0,0.0013270382
47805.0,0.007966559,0.00041930185,0.0,0.0019015092
47961.0,0.0003827081,5.4838267e-05,0.0,-4.3579457e-06
54516.0,0.0034975419,0.00024760008,0.0,0.0005609355
53552.0,4.425447,1.8121078,1.0,-0.62432337
48170.0,1.0608001,0.48525283,0.0,0.33458543
54570.0,0.0005761037,0.00025348426,0.0,0.00019066037
43354.0,13.480084,4.624478,5.0,2.5412312
53530.0,1.2535235,0.60541576,1.0,-0.4044852
55030.0,0.83209085,0.2713771,0.0,0.28086942
42771.0,4.5104465,2.5539918,3.0,-1.1554873
45045.0,1.2813276,0.6736225,0.0,0.1831612
52552.0,0.008281634,0.0017339394,0.0,0.0009462781
40095.0,1.6897738,0.64458627,1.0,0.63377124
41240.0,7.2102113,3.3155723,3.0,1.1945719
47922.0,0.72407055,0.26661092,0.0,0.3146232
33138.0,8.072157e-05,2.0163441e-05,0.0,2.3962093e-06
46143.0,4.0275685e-05,1.2164581e-05,0.0,1.7444207e-05
52618.0,0.0008295416,5.3087413e-05,0.0,0.00022068081
54931.0,0.0003040574,0.00020750523,0.0,-2.5276382e-05
54587.0,0.0056214496,0.00019676905,0.0,0.00011106645
46407.0,3.0812159,2.2572756,2.0,-0.77592736
46618.0,0.5058337,0.21512313,1.0,0.31236506
53883.0,0.20961706,0.051220912,0.0,0.20774817
54727.0,4.954689e-05,1.9628656e-05,0.0,2.951642e-05
43490.0,0.0017316632,0.0003749527,0.0,-0.00016963138
46378.0,1.8524479,0.68335485,0.0,0.2723875
41358.0,2.112966,0.8614896,0.0,0.078272164
52708.0,0.016583107,0.0024397238,0.0,0.0003380687
46526.0,0.21618661,0.006415372,0.0,-0.20464066
47845.0,0.002897255,0.0010164266,0.0,0.0015664819
47980.0,0.0015435278,0.0008327697,0.0,0.0007982282
45021.0,11.047298,4.862118,9.0,-3.8020883
46501.0,3.7516475,1.9921817,1.0,0.35460556
54567.0,2.0233743,0.877455,0.0,0.37243015
52650.0,6.2492905,2.0847213,0.0,0.89164615
46457.0,2.5675557,0.7674472,0.0,0.23473449
53555.0,0.0009619364,0.00024126215,0.0,0.00026627525
53560.0,0.016145963,0.0028571438,0.0,0.0019467162
53538.0,0.00010070109,3.670867e-05,0.0,5.071907e-05
52846.0,2.1443264,0.79211664,0.0,0.051638275
45056.0,0.0014762494,0.00017662221,0.0,0.0012378594
54006.0,0.013584515,0.0010373461,0.0,-0.012164628
46164.0,2.9806075,1.2758093,2.0,-1.3560362
53050.0,2.681052,1.1206089,0.0,0.21867964
43780.0,6.019971,2.06324,1.0,0.6055946
53629.0,2.0372913,1.2174133,1.0,0.1679213
42818.0,0.0033946994,0.0010521407,0.0,0.0001866406
39941.0,2.1679323,1.1874417,1.0,0.9727844
53474.0,7.164781e-05,3.1039763e-05,0.0,2.8213817e-05
55087.0,1.4815277,0.38357767,0.0,-0.0100354105
52476.0,1.9649558,0.7823752,0.0,0.49555498
40096.0,3.1859014,1.7487236,3.0,-0.081988476
48669.0,1.3126678,0.43091547,0.0,0.09955171
54687.0,2.477337,1.4146836,1.0,0.6665698
54709.0,0.16809034,0.083008155,0.0,0.0121255675
44990.0,0.0013353534,0.0004607577,0.0,0.0006495757
46219.0,1.0576761,0.3386577,1.0,-0.83512044
53588.0,1.5046891e-05,6.0495245e-06,0.0,3.410676e-06
55239.0,1.5909675,0.5102308,0.0,0.35366482
55241.0,3.090579,0.79716396,2.0,-0.2200194
45030.0,0.000368244,4.620162e-05,0.0,1.2774889e-05
47916.0,0.0005735572,0.00018127164,0.0,0.00026367765
54512.0,1.1557925,0.2921252,0.0,-0.15506572
47837.0,8.143708,3.842798,2.0,-0.5346211
46706.0,0.010012273,0.0004170581,0.0,-0.007716809
53640.0,0.0009443734,0.00018415687,0.0,-0.00031499023
44978.0,0.0046139364,0.00071969675,0.0,0.002196925
46349.0,1.2929828,0.7155522,0.0,-0.18617237
38852.0,1.5297621,0.79594123,1.0,-0.09720263
46630.0,3.2113962,1.3147975,0.0,1.4548409
54717.0,1.1201321,0.39760965,0.0,0.81249213
55000.0,0.17111158,0.06523968,0.0,0.12226692
55014.0,0.0011207147,0.00014609029,0.0,0.00034624705
47970.0,0.00094091723,0.00024727514,0.0,0.0002764286
37118.0,0.0013933006,0.0004384895,0.0,0.0006512906
53715.0,1.2639559e-05,6.9778757e-06,0.0,5.572714e-06
45215.0,3.7138786,1.4789435,1.0,-1.2356637
53649.0,8.073384,3.365464,6.0,-1.897455
52894.0,2.2961796e-05,1.98253e-05,0.0,3.7981044e-07
52570.0,0.067357786,0.018228829,0.0,0.02406096
54612.0,3.9575899,1.7386832,2.0,-0.33440724
45203.0,0.19701391,0.061144687,0.0,0.12593552
52863.0,6.2490525,2.3498192,3.0,-2.5269134
44838.0,0.29717013,0.07362703,0.0,0.19533086
53041.0,8.183674e-06,4.906765e-06,0.0,3.1951345e-06
54781.0,8.468895,3.7663436,7.0,-0.32907
43496.0,0.0008467167,0.00025174313,0.0,0.000576696
53625.0,0.00017569742,7.3642805e-05,0.0,5.0802235e-05
46183.0,0.09569157,0.029425234,0.0,0.07344044
45064.0,0.001699592,0.00039913083,0.0,0.00042272077
54827.0,1.2030778,0.3570303,1.0,-0.8638104
52428.0,2.8469784,1.0813304,1.0,-0.49159092
33130.0,0.00019748068,5.5442775e-05,0.0,0.00013490624
48458.0,0.8547015,0.26708296,0.0,0.37184936
52544.0,0.0025757535,0.0002776602,0.0,0.00015509847
53054.0,0.14609191,0.059166756,0.0,0.08558428
46121.0,1.9742718,0.75134367,1.0,0.0034968592
43534.0,3.0583012,2.1538281,2.0,0.10982853
54939.0,1.2909169,0.48232567,0.0,0.07400392
52658.0,7.270191e-06,2.5352867e-06,0.0,5.925863e-06
52971.0,6.0816283,2.3775182,3.0,-0.59852487
54750.0,0.0005489502,0.00021356711,0.0,0.0003623549
44861.0,2.733052,0.9938818,1.0,0.3720355
43525.0,0.00060767896,0.00015449613,0.0,0.0001023986
53587.0,2.464524,0.76661927,1.0,0.59113616
42593.0,0.0005186115,2.231704e-05,0.0,-4.6062205e-06
53085.0,0.00014315141,2.4726034e-05,0.0,-7.156224e-05
53559.0,1.6060619,0.778441,1.0,-0.48609123
40494.0,0.62160945,0.22099902,0.0,0.45726013
48145.0,0.63790625,0.29207736,1.0,-0.0027823509
43508.0,5.4757204,2.0852835,3.0,-1.482618
52534.0,0.00019360261,4.7230544e-05,0.0,0.00012296184
52651.0,1.1289324,0.39246303,0.0,-0.2036192
54548.0,0.25967693,0.05717944,0.0,0.062685326
53617.0,0.3114242,0.122594595,0.0,0.19809124
52530.0,0.00032326157,9.641171e-05,0.0,7.3029423e-06
41279.0,2.1389258,0.6371671,2.0,-0.19551611
48508.0,0.9129303,0.7181444,1.0,-0.014990643
52620.0,0.00019695815,6.97711e-05,0.0,7.56242e-05
53568.0,3.079263e-05,9.661309e-06,0.0,2.3985182e-05
45198.0,1.12469415e-05,4.8484176e-06,0.0,2.649055e-06
55168.0,0.00034691163,0.00014789024,0.0,-5.8596517e-05
53631.0,0.00021943115,0.00015017188,0.0,-2.194443e-05
54585.0,1.0680556,0.418437,0.0,0.42897925
47838.0,0.00021861104,1.7447e-05,0.0,0.00013755984
53619.0,0.00016777057,4.1110412e-05,0.0,-2.380269e-05
42503.0,0.1777419,0.02242164,0.0,-3.665335e-05
53897.0,8.782894e-05,4.845841e-05,0.0,-1.0436107e-05
55043.0,1.6756864,0.75034356,0.0,-0.033178434
53620.0,1.3785377,0.44918808,0.0,0.14228462
52659.0,0.0017477772,0.00076304463,0.0,0.0010947029
42398.0,0.00021671529,5.7951525e-05,0.0,6.150016e-05
46629.0,0.00023379951,2.4537807e-05,0.0,0.00017383763
54850.0,0.00019743449,6.4394684e-05,0.0,-1.4096468e-05
52434.0,9.98117e-05,2.1103348e-05,0.0,5.479851e-07
40737.0,4.1574564,2.6853714,3.0,-0.13119288
52907.0,0.00015849156,4.9015034e-05,0.0,7.425532e-05
53665.0,1.0324551e-05,5.4963825e-06,0.0,5.6952617e-06
48119.0,0.00010435538,5.183741e-05,0.0,4.6226884e-05
46238.0,0.00012135058,6.2288585e-05,0.0,1.5468813e-05
54648.0,5.3286454e-05,1.6192304e-05,0.0,9.005098e-06
45533.0,1.9036871,0.741289,0.0,1.0137967
38937.0,0.0027399107,0.00026424776,0.0,0.000112349124
53616.0,3.1270876e-05,1.39853455e-05,0.0,2.1843774e-05
44859.0,3.3123133,1.7549858,0.0,1.0690067
53746.0,0.00035854886,0.00011477668,0.0,0.0001058573
53932.0,0.00054106495,0.00017725036,0.0,0.00020504367
47860.0,0.23542424,0.07474145,0.0,0.15991063
43439.0,1.0375871e-05,5.284761e-06,0.0,8.57705e-06
52582.0,1.3410187,0.21796,0.0,-0.7350733
55181.0,3.7403128,2.177737,3.0,0.04193893
53635.0,0.0013721548,7.534592e-05,0.0,0.000986264
43474.0,1.379377,0.53275627,0.0,0.29099885
40000.0,2.3417425,0.6873493,0.0,1.2495344
54733.0,1.1578193,0.36586893,1.0,0.067598455
37255.0,0.0005149322,8.541255e-05,0.0,0.00010343305
52721.0,0.0002597579,4.7065558e-05,0.0,7.8650555e-05
52615.0,0.001282625,0.00046013307,0.0,0.0006468031
48580.0,0.00010068507,4.5335135e-05,0.0,3.9045033e-05
54578.0,1.4311106,0.55355126,0.0,0.82144403
47830.0,0.02569577,0.015651649,0.0,0.0054069217
52640.0,0.18693398,0.05696871,0.0,0.16007105
54592.0,8.96852e-06,4.434908e-06,0.0,6.6812327e-06
52484.0,1.00015195e-05,6.6469506e-06,0.0,2.023886e-06
53521.0,0.97433996,0.63288915,0.0,0.28469196
48017.0,0.00028733746,6.997709e-05,0.0,0.00015336159
53941.0,0.00010319571,6.78042e-05,0.0,4.998698e-05
46998.0,1.6782828e-05,5.951491e-06,0.0,5.76759e-07
55105.0,0.85825694,0.37397465,0.0,0.5772035
52922.0,0.00046680585,1.9510424e-05,0.0,1.8250304e-05
45369.0,0.00012004245,1.461746e-05,0.0,0.00011902104
54428.0,0.00037129817,0.00015714877,0.0,9.567894e-05
42376.0,1.3987945,0.7044588,1.0,-0.30155948
54588.0,0.00020917933,7.363099e-05,0.0,8.090655e-05
53315.0,0.50180775,0.108565174,0.0,-0.4176565
44826.0,0.642073,0.26277608,0.0,0.13873646
48780.0,0.006289493,0.0016282263,0.0,0.0062504206
54044.0,0.5376601,0.20684387,0.0,0.25368792
53615.0,0.1399698,0.096294016,0.0,0.110799454
54810.0,0.00017915804,4.5751032e-05,0.0,8.317974e-05
38618.0,0.0021741008,0.0001750966,0.0,-1.9679665e-05
48318.0,3.654112e-05,2.4145376e-05,0.0,1.26787e-05
43616.0,1.1302108,0.8768885,1.0,0.09977263
46293.0,0.0005953772,4.8691294e-05,0.0,0.00013441348
55071.0,0.00024733564,0.00010932677,0.0,0.00016661278
53473.0,0.47617975,0.14722858,0.0,0.015268789
53517.0,0.00014840279,2.0883515e-05,0.0,2.9066666e-06
54003.0,0.076404355,0.02833152,0.0,0.020763895
45005.0,0.0019647442,0.00017324221,0.0,0.0019353892
52540.0,0.88029206,0.2641905,0.0,0.08864461
54619.0,0.00022062115,7.437183e-06,0.0,3.0224242e-06
52904.0,1.129638,0.9989963,1.0,-0.1740215
54497.0,0.15075111,0.022652779,0.0,-0.11001391
54646.0,1.766573,0.40171862,0.0,-1.3734324
53604.0,0.31396395,0.22597402,0.0,0.1546732
54915.0,0.0015582351,0.00032407403,0.0,5.9971353e-06
54758.0,0.3404714,0.1634797,0.0,0.08071563
54656.0,6.403561e-06,4.3999385e-06,0.0,2.4961494e-06
53059.0,0.91902804,0.44796854,1.0,0.5495569
54718.0,0.252473,0.13707209,0.0,0.003285028
53545.0,1.2775782,0.31549057,0.0,-0.36932138
48226.0,4.3367254e-05,1.1789306e-05,0.0,-3.7576527e-05
48772.0,0.0033366645,0.0004947913,0.0,-4.0856772e-05
52844.0,0.000115943614,2.0170706e-05,0.0,-0.00010959038
53570.0,0.000534821,0.0001485263,0.0,-0.0001804811
53662.0,0.00010114914,3.4305132e-05,0.0,-5.125135e-05
55212.0,0.00018172429,2.7437602e-05,0.0,-0.00014629592
53515.0,7.5939665e-06,3.901159e-06,0.0,4.6544505e-06
47976.0,2.5490885e-05,4.2927522e-06,0.0,2.2605926e-05
46404.0,4.1645653e-05,1.7391078e-05,0.0,2.8432018e-05
52611.0,1.0285293e-05,1.3871728e-06,0.0,7.63446e-06
53607.0,0.3436784,0.20321354,0.0,0.0031657815
48085.0,9.14792e-06,2.0749026e-06,0.0,-2.4371925e-06
53685.0,7.60118e-05,8.067941e-06,0.0,9.729936e-06
53582.0,0.83330154,0.3971861,1.0,-0.39435497
54949.0,0.9627819,0.6750546,1.0,-0.6139489
54636.0,2.197889e-06,1.0188219e-06,0.0,1.266922e-06
42362.0,1.3889218e-05,1.3611049e-06,0.0,1.3753062e-05
